Brand,Name,Price,Delivery,Return/Exchange,Availability,Product Link
Kadence,"Kadence Frontier guitar with Online Guitar learning course , Wine Red Acoustic Guitar with Die Cast Keys, Set of Strings, Strap, Picks and Bag (Wine Red, Acoustic)","4,949","Wednesday, 28 December",7 days Replacement,,https://www.amazon.in/sspa/click?ie=UTF8&spc=MTo0MzY3MTU3Njk4MjUwMjU3OjE2NzIwMzU1OTQ6c3BfYXRmOjIwMDYxNjIwNjk2MjA0OjowOjo&url=%2FKadence-Frontier-Acoustic-Guitar-Strings%2Fdp%2FB01GDZ46AA%2Fref%3Dsr_1_1_sspa%3Fcrid%3D2WL0QRE4DVVCT%26keywords%3DGuitar%26qid%3D1672035594%26sprefix%3Dguitar%252Caps%252C410%26sr%3D8-1-spons%26sp_csd%3Dd2lkZ2V0TmFtZT1zcF9hdGY%26psc%3D1%26smid%3DAM04Z7MH4HSDD
Kadence,"Kadence Slowhand Premium Jumbo Semi Acoustic Guitar with Heavy Padded Bag, guitar cable, Pro Capo (Black Spruce Wood)","9,900","Thursday, 29 December",7 days Replacement,,https://www.amazon.in/sspa/click?ie=UTF8&spc=MTo0MzY3MTU3Njk4MjUwMjU3OjE2NzIwMzU1OTQ6c3BfYXRmOjIwMDU3MTkzMDU2MjA0OjowOjo&url=%2FKadence-Slowhand-Premium-Acoustic-Instrument%2Fdp%2FB077SZ667X%2Fref%3Dsr_1_2_sspa%3Fcrid%3D2WL0QRE4DVVCT%26keywords%3DGuitar%26qid%3D1672035594%26sprefix%3Dguitar%252Caps%252C410%26sr%3D8-2-spons%26sp_csd%3Dd2lkZ2V0TmFtZT1zcF9hdGY%26psc%3D1
Medellin,"Medellin M38 carbon fiber body 38 Incheses Acoustic Guitar (Blue Burst) Durable Matt finish With hAndrest, strings, strap, bag, 3 Picks, capo, stAnd","2,428","Wednesday, 28 December",7 days Replacement,In stock.,https://www.amazon.in/sspa/click?ie=UTF8&spc=MTo0MzY3MTU3Njk4MjUwMjU3OjE2NzIwMzU1OTQ6c3BfYXRmOjIwMTAyODQxMTY0OTk4OjowOjo&url=%2FMedellin-Acoustic-Guitar-Carbon-Learning%2Fdp%2FB09MSGMQ3Y%2Fref%3Dsr_1_3_sspa%3Fcrid%3D2WL0QRE4DVVCT%26keywords%3DGuitar%26qid%3D1672035594%26sprefix%3Dguitar%252Caps%252C410%26sr%3D8-3-spons%26sp_csd%3Dd2lkZ2V0TmFtZT1zcF9hdGY%26psc%3D1%26smid%3DAM04Z7MH4HSDD
Medellin,"Medellin 38"" Acoustic Guitar premium wood with adjustable Truss-rod, free online learning course, Set Of Strings, Strap, Bag and 3 Picks (Black Truss Rod)","2,398","Thursday, 29 December",7 days Returnable,In stock.,https://www.amazon.in/sspa/click?ie=UTF8&spc=MTo0MzY3MTU3Njk4MjUwMjU3OjE2NzIwMzU1OTQ6c3BfYXRmOjIwMTAyODQxMTY0NTk4OjowOjo&url=%2FMedellin-Acoustic-adjustable-Truss-rod-learning%2Fdp%2FB0BMKHTNX1%2Fref%3Dsr_1_4_sspa%3Fcrid%3D2WL0QRE4DVVCT%26keywords%3DGuitar%26qid%3D1672035594%26sprefix%3Dguitar%252Caps%252C410%26sr%3D8-4-spons%26sp_csd%3Dd2lkZ2V0TmFtZT1zcF9hdGY%26psc%3D1
Juârez,"Juârez Acoustic Guitar, 38 Inch Cutaway, 038C with Bag, Strings, Pick and Strap, Black","2,149","Wednesday, 28 December",7 days Replacement,In stock.,https://www.amazon.in/Juarez-Acoustic-Cutaway-038C-Strings/dp/B017NPCSLI/ref=sr_1_5?crid=2WL0QRE4DVVCT&keywords=Guitar&qid=1672035594&sprefix=guitar%2Caps%2C410&sr=8-5
Intern,"Intern INT-38C Right hand Acoustic Guitar Kit, With Bag, Strings, Pick And Strap, Black, small","2,299","Wednesday, 28 December",7 days Replacement,In stock.,https://www.amazon.in/Intern-INT-38C-Acoustic-Guitar-Black/dp/B073B6TQQY/ref=sr_1_6?crid=2WL0QRE4DVVCT&keywords=Guitar&qid=1672035594&sprefix=guitar%2Caps%2C410&sr=8-6
Intern,Intern INT-38C Acoustic Guitar Kit (Blue),"2,399","Wednesday, 28 December",7 days Replacement,In stock.,https://www.amazon.in/Intern-INT-38C-Acoustic-Guitar-Blue/dp/B073B5RZBV/ref=sr_1_7?crid=2WL0QRE4DVVCT&keywords=Guitar&qid=1672035594&sprefix=guitar%2Caps%2C410&sr=8-7
Intern,Intern 38C Ebony Wood Cutaway Design Acoustic Guitar with Picks And Carry Bag (Black),"2,099","Wednesday, 28 December",7 days Replacement,In stock.,https://www.amazon.in/Intern-38-inch-Cutaway-Design-Acoustic/dp/B07X4PN85R/ref=sr_1_8?crid=2WL0QRE4DVVCT&keywords=Guitar&qid=1672035594&sprefix=guitar%2Caps%2C410&sr=8-8
JUAREZ,"Juarez Lindenwood Acoustic Guitar, 38 Inches Curved Body Cutaway, 38CUR With Bag, Strings, Pick And Strap (Black)","2,444","Wednesday, 28 December",7 days Replacement,In stock.,https://www.amazon.in/Juarez-Acoustic-Guitar-Cutaway-Strings/dp/B076QHZ4HZ/ref=sr_1_9?crid=2WL0QRE4DVVCT&keywords=Guitar&qid=1672035594&sprefix=guitar%2Caps%2C410&sr=8-9
HOVNER,"Hovner 215 Black F-Cut Rosewood Fretboard Acoustic Guitar With Bag,Strap,1 Set of Extra Strings and 2 Picks By K-Retail","4,480","Sunday, 1 January",7 days Replacement,In stock.,https://www.amazon.in/Rosewood-Fretboard-Acoustic-Strings-K-Retail/dp/B07KLG8C4P/ref=sr_1_10?crid=2WL0QRE4DVVCT&keywords=Guitar&qid=1672035594&sprefix=guitar%2Caps%2C410&sr=8-10
JUAREZ,"Juarez Lindenwood Acoustic Guitar Kit, 38 Inches Cutaway, 38C With Bag, Strings, Pick And Strap, TBS Transparent (Blue Sunburst)","2,600","Wednesday, 28 December",7 days Replacement,In stock.,https://www.amazon.in/JUAREZ-JRZ38C-Acoustic-Sunburst-Strings/dp/B01FYYTDS6/ref=sr_1_11?crid=2WL0QRE4DVVCT&keywords=Guitar&qid=1672035594&sprefix=guitar%2Caps%2C410&sr=8-11
Kadence,"Kadence 40 Incheses Frontier Series, rosewood Semi Acoustic Guitar With Die Cast Keys (Bag,Strap,Strings And 3 Picks) (Natural)","5,397","Wednesday, 28 December",7 days Replacement,In stock.,https://www.amazon.in/Kadence-Frontier-Acoustic-Natural-Equalizer/dp/B01I50UJG6/ref=sr_1_12?crid=2WL0QRE4DVVCT&keywords=Guitar&qid=1672035594&sprefix=guitar%2Caps%2C410&sr=8-12
Intern,Intern Int-38c Sunburst Linden Wood Acoustic Guitar Kit with Carry Bag and Picks,"2,099",January 2 - 5,7 days Replacement,,https://www.amazon.in/Intern-INT-38C-Sunburst-Acoustic-Guitar/dp/B07X1J4D3Z/ref=sr_1_13?crid=2WL0QRE4DVVCT&keywords=Guitar&qid=1672035594&sprefix=guitar%2Caps%2C410&sr=8-13
YAMAHA,"Yamaha F280 Acoustic Rosewood Guitar (Natural, Beige)","7,490","Thursday, 29 December",7 days Replacement,Only 2 left in stock.,https://www.amazon.in/Yamaha-F280-Acoustic-Guitar-Natural/dp/B08317Y4VP/ref=sr_1_14?crid=2WL0QRE4DVVCT&keywords=Guitar&qid=1672035594&sprefix=guitar%2Caps%2C410&sr=8-14
Fender,Fender CD 60 Dread V3 DS 6 String Acoustic Guitar - Walnut Fretboard-Black Right-Handed One of The Most reputed Guitar Brands in the World. 0970110506,"12,499","Wednesday, 28 December",7 days Replacement,Only 1 left in stock (more on the way).,https://www.amazon.in/Fender-Dread-String-Acoustic-Guitar/dp/B07RM4B5LJ/ref=sxin_24?asc_contentid=amzn1.osa.39dd7fbf-afb9-4b33-a89b-5dc1ff018d2f.A21TJRUUN4KGV.en_IN&asc_contenttype=article&ascsubtag=amzn1.osa.39dd7fbf-afb9-4b33-a89b-5dc1ff018d2f.A21TJRUUN4KGV.en_IN&content-id=amzn1.sym.939c6bd1-1a0e-48f0-a138-af961f88b523%3Aamzn1.sym.939c6bd1-1a0e-48f0-a138-af961f88b523&creativeASIN=B07RM4B5LJ&crid=2WL0QRE4DVVCT&cv_ct_cx=Guitar&cv_ct_id=amzn1.osa.39dd7fbf-afb9-4b33-a89b-5dc1ff018d2f.A21TJRUUN4KGV.en_IN&cv_ct_pg=search&cv_ct_we=asin&cv_ct_wn=osp-single-source-pecos-desktop&keywords=Guitar&linkCode=oas&pd_rd_i=B07RM4B5LJ&pd_rd_r=201a1666-0aeb-45c6-b6bd-fb56d3be737b&pd_rd_w=OFVp5&pd_rd_wg=x2OtZ&pf_rd_p=939c6bd1-1a0e-48f0-a138-af961f88b523&pf_rd_r=1X9KWAZMPH1GNX462FN9&qid=1672035594&sprefix=guitar%2Caps%2C410&sr=1-1-c84eb971-91f2-4a4d-acce-811265c24254&tag=sm-content-21
YAMAHA,"Yamaha FS100C Acoustic Guitar, Natural","9,990","Thursday, 29 December",7 days Replacement,In stock.,https://www.amazon.in/Yamaha-FS100C-Acoustic-Guitars-Natural/dp/B00QKD79QE/ref=sxin_24?asc_contentid=amzn1.osa.39dd7fbf-afb9-4b33-a89b-5dc1ff018d2f.A21TJRUUN4KGV.en_IN&asc_contenttype=article&ascsubtag=amzn1.osa.39dd7fbf-afb9-4b33-a89b-5dc1ff018d2f.A21TJRUUN4KGV.en_IN&content-id=amzn1.sym.939c6bd1-1a0e-48f0-a138-af961f88b523%3Aamzn1.sym.939c6bd1-1a0e-48f0-a138-af961f88b523&creativeASIN=B00QKD79QE&crid=2WL0QRE4DVVCT&cv_ct_cx=Guitar&cv_ct_id=amzn1.osa.39dd7fbf-afb9-4b33-a89b-5dc1ff018d2f.A21TJRUUN4KGV.en_IN&cv_ct_pg=search&cv_ct_we=asin&cv_ct_wn=osp-single-source-pecos-desktop&keywords=Guitar&linkCode=oas&pd_rd_i=B00QKD79QE&pd_rd_r=201a1666-0aeb-45c6-b6bd-fb56d3be737b&pd_rd_w=OFVp5&pd_rd_wg=x2OtZ&pf_rd_p=939c6bd1-1a0e-48f0-a138-af961f88b523&pf_rd_r=1X9KWAZMPH1GNX462FN9&qid=1672035594&sprefix=guitar%2Caps%2C410&sr=1-2-c84eb971-91f2-4a4d-acce-811265c24254&tag=sm-content-21
HOVNER,"Hovner 215 Black F-Cut Rosewood Fretboard Acoustic Guitar With Bag,Strap,1 Set of Extra Strings and 2 Picks By K-Retail","4,480","Sunday, 1 January",7 days Replacement,In stock.,https://www.amazon.in/Rosewood-Fretboard-Acoustic-Strings-K-Retail/dp/B07KLG8C4P/ref=sxin_24?asc_contentid=amzn1.osa.39dd7fbf-afb9-4b33-a89b-5dc1ff018d2f.A21TJRUUN4KGV.en_IN&asc_contenttype=article&ascsubtag=amzn1.osa.39dd7fbf-afb9-4b33-a89b-5dc1ff018d2f.A21TJRUUN4KGV.en_IN&content-id=amzn1.sym.939c6bd1-1a0e-48f0-a138-af961f88b523%3Aamzn1.sym.939c6bd1-1a0e-48f0-a138-af961f88b523&creativeASIN=B07KLG8C4P&crid=2WL0QRE4DVVCT&cv_ct_cx=Guitar&cv_ct_id=amzn1.osa.39dd7fbf-afb9-4b33-a89b-5dc1ff018d2f.A21TJRUUN4KGV.en_IN&cv_ct_pg=search&cv_ct_we=asin&cv_ct_wn=osp-single-source-pecos-desktop&keywords=Guitar&linkCode=oas&pd_rd_i=B07KLG8C4P&pd_rd_r=201a1666-0aeb-45c6-b6bd-fb56d3be737b&pd_rd_w=OFVp5&pd_rd_wg=x2OtZ&pf_rd_p=939c6bd1-1a0e-48f0-a138-af961f88b523&pf_rd_r=1X9KWAZMPH1GNX462FN9&qid=1672035594&sprefix=guitar%2Caps%2C410&sr=1-3-c84eb971-91f2-4a4d-acce-811265c24254&tag=sm-content-21
Kadence,"Kadence Guitar Acoustica Series, 41” Jumbo Size 6-strings Acoustic Guitar, Spruce body with Pick Guard A311 with bag… B07JKYWGJN (KAD-A-311)","6,998","Thursday, 29 December",7 days Replacement,In stock.,https://www.amazon.in/Kadence-6-strings-Acoustic-Guitar-Natural/dp/B07JKYWGJN/ref=sxin_24?asc_contentid=amzn1.osa.39dd7fbf-afb9-4b33-a89b-5dc1ff018d2f.A21TJRUUN4KGV.en_IN&asc_contenttype=article&ascsubtag=amzn1.osa.39dd7fbf-afb9-4b33-a89b-5dc1ff018d2f.A21TJRUUN4KGV.en_IN&content-id=amzn1.sym.939c6bd1-1a0e-48f0-a138-af961f88b523%3Aamzn1.sym.939c6bd1-1a0e-48f0-a138-af961f88b523&creativeASIN=B07JKYWGJN&crid=2WL0QRE4DVVCT&cv_ct_cx=Guitar&cv_ct_id=amzn1.osa.39dd7fbf-afb9-4b33-a89b-5dc1ff018d2f.A21TJRUUN4KGV.en_IN&cv_ct_pg=search&cv_ct_we=asin&cv_ct_wn=osp-single-source-pecos-desktop&keywords=Guitar&linkCode=oas&pd_rd_i=B07JKYWGJN&pd_rd_r=201a1666-0aeb-45c6-b6bd-fb56d3be737b&pd_rd_w=OFVp5&pd_rd_wg=x2OtZ&pf_rd_p=939c6bd1-1a0e-48f0-a138-af961f88b523&pf_rd_r=1X9KWAZMPH1GNX462FN9&qid=1672035594&sprefix=guitar%2Caps%2C410&sr=1-4-c84eb971-91f2-4a4d-acce-811265c24254&tag=sm-content-21
YAMAHA,"YAMAHA F310, 6-Strings Rose Wood Acoustic Guitar, Natural","9,295","Thursday, 29 December",7 days Replacement,In stock.,https://www.amazon.in/Yamaha-F310-6-Strings-Acoustic-Natural/dp/B000RVYW7E/ref=sxin_25_popular-discounts-recommendation_1?content-id=amzn1.sym.dac31162-3df0-4be0-bc88-c9bb94af2fa9%3Aamzn1.sym.dac31162-3df0-4be0-bc88-c9bb94af2fa9&crid=2WL0QRE4DVVCT&cv_ct_cx=Guitar&keywords=Guitar&pd_rd_i=B000RVYW7E&pd_rd_r=201a1666-0aeb-45c6-b6bd-fb56d3be737b&pd_rd_w=o4IYL&pd_rd_wg=x2OtZ&pf_rd_p=dac31162-3df0-4be0-bc88-c9bb94af2fa9&pf_rd_r=1X9KWAZMPH1GNX462FN9&qid=1672035594&sprefix=guitar%2Caps%2C410&sr=1-1-df273b7b-639b-496b-8427-b1aabaae8e8a
YAMAHA,"Yamaha F310-TBS Right Handed Acoustic Guitar (Tobacco Sunburst, 6-Strings)","9,449","Thursday, 29 December",7 days Replacement,In stock.,https://www.amazon.in/Yamaha-Acoustic-Guitar-Tobacco-Sunburst/dp/B08Z35ZR9Y/ref=sxin_25_popular-discounts-recommendation_3?content-id=amzn1.sym.dac31162-3df0-4be0-bc88-c9bb94af2fa9%3Aamzn1.sym.dac31162-3df0-4be0-bc88-c9bb94af2fa9&crid=2WL0QRE4DVVCT&cv_ct_cx=Guitar&keywords=Guitar&pd_rd_i=B08Z35ZR9Y&pd_rd_r=201a1666-0aeb-45c6-b6bd-fb56d3be737b&pd_rd_w=o4IYL&pd_rd_wg=x2OtZ&pf_rd_p=dac31162-3df0-4be0-bc88-c9bb94af2fa9&pf_rd_r=1X9KWAZMPH1GNX462FN9&qid=1672035594&sprefix=guitar%2Caps%2C410&sr=1-2-df273b7b-639b-496b-8427-b1aabaae8e8a
Ibanez,"Ibanez GRX - 40 - BKN, 6 Strings Electric Guitar, Right-Handed, Black Night, without case","16,399","Wednesday, 28 December",7 days Replacement,In stock.,https://www.amazon.in/Ibanez-GRX-Strings-Electric-Right-Handed/dp/B000XXO7B2/ref=sxin_25_popular-discounts-recommendation_4?content-id=amzn1.sym.dac31162-3df0-4be0-bc88-c9bb94af2fa9%3Aamzn1.sym.dac31162-3df0-4be0-bc88-c9bb94af2fa9&crid=2WL0QRE4DVVCT&cv_ct_cx=Guitar&keywords=Guitar&pd_rd_i=B000XXO7B2&pd_rd_r=201a1666-0aeb-45c6-b6bd-fb56d3be737b&pd_rd_w=o4IYL&pd_rd_wg=x2OtZ&pf_rd_p=dac31162-3df0-4be0-bc88-c9bb94af2fa9&pf_rd_r=1X9KWAZMPH1GNX462FN9&qid=1672035594&sprefix=guitar%2Caps%2C410&sr=1-3-df273b7b-639b-496b-8427-b1aabaae8e8a
Kadence,"Kadence 40 Incheses Frontier Series, wood Acoustic Guitar With/Wihtout EQ Die Cast Keys Combo (Bag,strap,strings And 3 picks) (Black, Acoustic)","4,998","Wednesday, 28 December",7 days Replacement,In stock.,https://www.amazon.in/Kadence-Frontier-Acoustic-Wihtout-strings/dp/B08PK9GZZY/ref=sr_1_15?crid=2WL0QRE4DVVCT&keywords=Guitar&qid=1672035594&sprefix=guitar%2Caps%2C410&sr=8-15
Intern,Intern INT-38C Natural Linden Wood Acoustic Guitar Kit with Carry Bag & Picks,"2,099","Wednesday, 28 December",7 days Replacement,In stock.,https://www.amazon.in/Intern-INT-38C-Natural-Acoustic-Guitar/dp/B07X4LPJ6H/ref=sr_1_16?crid=2WL0QRE4DVVCT&keywords=Guitar&qid=1672035594&sprefix=guitar%2Caps%2C410&sr=8-16
Kadence,"Kadence rosewood Guitar Frontier Series, Electric Acoustic Black Guitar With EQ, Die Cast Keys, Set Of Strings, Strap, Picks And Bag (Black EQ, Electric Acoustic)","5,498","Wednesday, 28 December",7 days Replacement,In stock.,https://www.amazon.in/Kadence-Frontier-Acoustic-Guitar-Strings/dp/B078GTJP5Y/ref=sr_1_17?crid=2WL0QRE4DVVCT&keywords=Guitar&qid=1672035594&sprefix=guitar%2Caps%2C410&sr=8-17
Medellin,"Medellin M38 carbon fiber body 38 Incheses Acoustic Guitar (Black) Durable Matt finish With hAndrest, strings, strap, bag, 3 Picks, capo, stAnd","2,428","Thursday, 29 December",7 days Replacement,In stock.,https://www.amazon.in/Medellin-Acoustic-Guitar-Carbon-Learning/dp/B09MSGQQWX/ref=sr_1_18?crid=2WL0QRE4DVVCT&keywords=Guitar&qid=1672035594&sprefix=guitar%2Caps%2C410&sr=8-18
Intern,"Intern INT-38C-BK-G Cutaway Right Handed Acoustic Guitar Kit, with Bag, Nickel Strings, Pick And Strap (Black) -6 Strings","2,299","Wednesday, 28 December",7 days Replacement,In stock.,https://www.amazon.in/Intern-INT-38C-BK-G-Guitar-Kit-Black/dp/B07K9497RC/ref=sr_1_19?crid=2WL0QRE4DVVCT&keywords=Guitar&qid=1672035594&sprefix=guitar%2Caps%2C410&sr=8-19
JUAREZ,"JUAREZ JRZ38C 38 Inches Lindenwood Right Handed Acoustic Guitar With Bag, Strings, Pick And Strap (Natural, Brown, 6 Strings)","2,759","Wednesday, 28 December",7 days Replacement,In stock.,https://www.amazon.in/JUAREZ-JRZ38C-Acoustic-Natural-Strings/dp/B01FYYTDWC/ref=sr_1_20?crid=2WL0QRE4DVVCT&keywords=Guitar&qid=1672035594&sprefix=guitar%2Caps%2C410&sr=8-20
VD,VD ENTERPRISE String Acoustic Guitar | Adjustable Tunning Knob | Classical Guitar Toy | Musical Instrument Learning Toy for Kids,799,"Thursday, 29 December",7 days Replacement,In stock.,https://www.amazon.in/sspa/click?ie=UTF8&spc=MTo0MzY3MTU3Njk4MjUwMjU3OjE2NzIwMzU1OTQ6c3BfbXRmOjIwMTAyMDM2OTc1OTk4OjowOjo&url=%2FVD-ENTERPRISE-Adjustable-Classical-Instrument%2Fdp%2FB08S323L6W%2Fref%3Dsr_1_21_sspa%3Fcrid%3D2WL0QRE4DVVCT%26keywords%3DGuitar%26qid%3D1672035594%26sprefix%3Dguitar%252Caps%252C410%26sr%3D8-21-spons%26sp_csd%3Dd2lkZ2V0TmFtZT1zcF9tdGY%26psc%3D1
Intern,"INTERN 40 inches Acoustic Guitar with Pick-up & truss rod, carry bag, strings pack, strap & picks. Premium Wooden durable built, tonal stability with professional sound amplificaiton. (Black).","5,189","Wednesday, 28 December",7 days Replacement,In stock.,https://www.amazon.in/sspa/click?ie=UTF8&spc=MTo0MzY3MTU3Njk4MjUwMjU3OjE2NzIwMzU1OTQ6c3BfbXRmOjIwMDk4NjQ2MTUzMTk4OjowOjo&url=%2FAcoustic-Pick-up-stability-professional-amplificaiton%2Fdp%2FB09YHCR3R8%2Fref%3Dsr_1_22_sspa%3Fcrid%3D2WL0QRE4DVVCT%26keywords%3DGuitar%26qid%3D1672035594%26sprefix%3Dguitar%252Caps%252C410%26sr%3D8-22-spons%26sp_csd%3Dd2lkZ2V0TmFtZT1zcF9tdGY%26psc%3D1
Hontral,Hontral S4 String Decor Guitar Children's Musical Instrument Educational Toy Small Guitar for Beginners Kids Child - 23Inch,899,"Wednesday, 28 December",7 days Replacement,In stock.,https://www.amazon.in/sspa/click?ie=UTF8&spc=MTo0MzY3MTU3Njk4MjUwMjU3OjE2NzIwMzU1OTQ6c3BfbXRmOjIwMDc5OTc5NTkyNDk4OjowOjo&url=%2FHontral-Childrens-Instrument-Educational-Beginners%2Fdp%2FB0BD8Y1H78%2Fref%3Dsr_1_23_sspa%3Fcrid%3D2WL0QRE4DVVCT%26keywords%3DGuitar%26qid%3D1672035594%26sprefix%3Dguitar%252Caps%252C410%26sr%3D8-23-spons%26sp_csd%3Dd2lkZ2V0TmFtZT1zcF9tdGY%26psc%3D1
blueberry,"Blueberry B-D38, 38"" Acoustic Guitar Kit inbuilt Truss Rod with Bag, Strap, One Pack Strings And Picks","2,655","Thursday, 29 December",7 days Replacement,In stock.,https://www.amazon.in/sspa/click?ie=UTF8&spc=MTo0MzY3MTU3Njk4MjUwMjU3OjE2NzIwMzU1OTQ6c3BfbXRmOjIwMDc4MzM2ODg4Nzk4OjowOjo&url=%2FBlueberry-B-D38-Acoustic-inbuilt-Strings%2Fdp%2FB07PCRZ1CD%2Fref%3Dsr_1_24_sspa%3Fcrid%3D2WL0QRE4DVVCT%26keywords%3DGuitar%26qid%3D1672035594%26sprefix%3Dguitar%252Caps%252C410%26sr%3D8-24-spons%26sp_csd%3Dd2lkZ2V0TmFtZT1zcF9tdGY%26psc%3D1%26smid%3DA3HCWE0HCT5KDF
Kadence,"Kadence Frontier Jumbo Semi Acoustic Guitar With Die Cast Keys, Super Combo (Bag, 1 pack Strings, Strap, Picks, Capo (Black)","6,698","Wednesday, 28 December",7 days Replacement,In stock.,https://www.amazon.in/Kadence-Frontier-Acoustic-Guitar-Equalizer/dp/B01HRIHJWY/ref=sr_1_25?crid=2WL0QRE4DVVCT&keywords=Guitar&qid=1672035594&sprefix=guitar%2Caps%2C410&sr=8-25
JUAREZ,"Juarez Acoustic Guitar, 38 Inch Cutaway with Pick Guard, 38CPG with Bag, Strings, Pick and Strap, Black","2,749","Wednesday, 28 December",7 days Replacement,In stock.,https://www.amazon.in/Juarez-Acoustic-Guitar-Cutaway-Strings/dp/B075XMRKMY/ref=sr_1_26?crid=2WL0QRE4DVVCT&keywords=Guitar&qid=1672035594&sprefix=guitar%2Caps%2C410&sr=8-26
YAMAHA,Yamaha FS80C 25 Incheses sprucewood The Ultimate Concert Body Cutaway Acoustic Guitar (Black) With Bajaao Gig-Bag,"8,699","Wednesday, 28 December",7 days Replacement,Only 2 left in stock.,https://www.amazon.in/Ultimate-Concert-Cutaway-Acoustic-Bajaao/dp/B08WHWKKV5/ref=sr_1_27?crid=2WL0QRE4DVVCT&keywords=Guitar&qid=1672035594&sprefix=guitar%2Caps%2C410&sr=8-27
Intern,"Intern 38C Wooden Acoustic Steel-String Guitar Premium White Cutaway Design With Carry Bag, Strings, Guitar Strap And Plectrums (Int-38C-Wh)","2,499","Wednesday, 28 December",7 days Replacement,In stock.,https://www.amazon.in/Intern-Acoustic-Steel-string-plectrums-INT-38C-WH/dp/B09LR94Z2X/ref=sr_1_28?crid=2WL0QRE4DVVCT&keywords=Guitar&qid=1672035594&sprefix=guitar%2Caps%2C410&sr=8-28
Juârez,"Juârez JRZ38C/ZEB 6 Strings Acoustic Guitar 38 Inch Cutaway, Right Handed, Zebrawood with Bag, Strings, Picks and Strap","3,339","Wednesday, 28 December",7 days Replacement,In stock.,https://www.amazon.in/Juarez-Strings-Acoustic-Cutaway-Zebrawood/dp/B072Q9L8DG/ref=sr_1_29?crid=2WL0QRE4DVVCT&keywords=Guitar&qid=1672035594&sprefix=guitar%2Caps%2C410&sr=8-29
Kadence,"Kadence Slowhand Premium Jumbo Semi Acoustic Guitar with Heavy Padded Bag, guitar cable, Pro Capo (Black Spruce Wood)","9,900","Thursday, 29 December",7 days Replacement,,https://www.amazon.in/Kadence-Slowhand-Premium-Acoustic-Instrument/dp/B077SZ667X/ref=sr_1_30?crid=2WL0QRE4DVVCT&keywords=Guitar&qid=1672035594&sprefix=guitar%2Caps%2C410&sr=8-30
Medellin,"Medellin M38 carbon fiber body 38 Incheses Acoustic Guitar (Red) Durable Matt finish With hAndrest, strings, strap, bag, 3 Picks, capo, stAnd","2,428","Thursday, 29 December",7 days Replacement,In stock.,https://www.amazon.in/Medellin-carbn-fiber-guitar-38inch/dp/B09MSGVCDV/ref=sr_1_31?crid=2WL0QRE4DVVCT&keywords=Guitar&qid=1672035594&sprefix=guitar%2Caps%2C410&sr=8-31
Medellin,"Medellin M38 carbon fiber body 38 Incheses Acoustic Guitar (Blue Burst) Durable Matt finish With hAndrest, strings, strap, bag, 3 Picks, capo, stAnd","2,428","Wednesday, 28 December",7 days Replacement,In stock.,https://www.amazon.in/Medellin-Acoustic-Guitar-Carbon-Learning/dp/B09MSGMQ3Y/ref=sr_1_32?crid=2WL0QRE4DVVCT&keywords=Guitar&qid=1672035594&sprefix=guitar%2Caps%2C410&sr=8-32
REVEL,Revel 38 Inches Cutaway Design Acoustic Guitar with Carry bag and Plectrums. Great tone and Beginner/Learners standard size configuration for all age groups (White),"2,399","Wednesday, 28 December",7 days Replacement,Only 1 left in stock.,https://www.amazon.in/Acoustic-Plectrums-Beginner-Learners-configuration/dp/B09W5TQD6G/ref=sr_1_33_mod_primary_new?crid=2WL0QRE4DVVCT&keywords=Guitar&qid=1672035594&sbo=RZvfv%2F%2FHxDF%2BO5021pAnSA%3D%3D&sprefix=guitar%2Caps%2C410&sr=8-33
Kadence,"Kadence Guitar Acoustica Series, 41” Jumbo Size 6-strings Acoustic Guitar, Spruce body with Pick Guard A311 with bag… B07JKYWGJN (KAD-A-311)","6,998","Thursday, 29 December",7 days Replacement,In stock.,https://www.amazon.in/Kadence-6-strings-Acoustic-Guitar-Natural/dp/B07JKYWGJN/ref=sr_1_34?crid=2WL0QRE4DVVCT&keywords=Guitar&qid=1672035594&sprefix=guitar%2Caps%2C410&sr=8-34
YAMAHA,YAMAHA FS80C NATURAL CONCERT CUTAWAY GUITAR,"8,939","Thursday, 29 December",7 days Replacement,Only 1 left in stock.,https://www.amazon.in/YAMAHA-NATURAL-CONCERT-CUTAWAY-GUITAR/dp/B08KW4DRKL/ref=sr_1_35?crid=2WL0QRE4DVVCT&keywords=Guitar&qid=1672035594&sprefix=guitar%2Caps%2C410&sr=8-35
Premium,Premium Quality 4 String Acoustic Décor Guitar Children's Educational Musical Instrument Child Learning Random Brown Best Gift Boys & Girls 24 Inch Kids Keep Tone Picks Strap Ability Beginner Sound,886,"Wednesday, 28 December",7 days Replacement,In stock.,https://www.amazon.in/Premium-Quality-Childrens-Educational-Instrument/dp/B0BN91GLKJ/ref=sr_1_36?crid=2WL0QRE4DVVCT&keywords=Guitar&qid=1672035594&sprefix=guitar%2Caps%2C410&sr=8-36
JUAREZ,"Juarez Acoustic Guitar, 38 Inch Cutaway, 38CMB with Bag, Strings, Pick and Strap, Matte Black","2,739","Wednesday, 28 December",7 days Replacement,In stock.,https://www.amazon.in/Juarez-Acoustic-Guitar-Cutaway-Strings/dp/B084VRCCN7/ref=sr_1_37?crid=2WL0QRE4DVVCT&keywords=Guitar&qid=1672035594&sprefix=guitar%2Caps%2C410&sr=8-37
Best,Best seller 4 String Acoustic Décor Guitar Children's Educational Musical Instrument Child Learning Random Brown Best Gift Boys & Girls 24 Inch Kids Keep Tone Picks Strap Ability Beginner Sound,885,"Wednesday, 28 December",10 days Returnable,In stock.,https://www.amazon.in/Best-seller-Childrens-Educational-Instrument/dp/B0BMYLK2JN/ref=sr_1_38?crid=2WL0QRE4DVVCT&keywords=Guitar&qid=1672035594&sprefix=guitar%2Caps%2C410&sr=8-38
Schecter,Schecter SGR C1 BK Electric Guitar Satin Black,"25,499","Friday, 30 December",7 days Replacement,Only 1 left in stock.,https://www.amazon.in/Schecter-SGR-C1-BK-Electric-Guitar/dp/B0773G4ZPX/ref=sr_1_39?crid=2WL0QRE4DVVCT&keywords=Guitar&qid=1672035594&sprefix=guitar%2Caps%2C410&sr=8-39
Shanrya,"Wooden Miniature Guitar, Stylish Long Service Life Steel-String Acoustic Guitars for Home Office Decoration","1,511",January 10 - 13,7 days Returnable,In stock.,https://www.amazon.in/Miniature-Stylish-Steel-String-Acoustic-Decoration/dp/B09NVZLX9J/ref=sr_1_40?crid=2WL0QRE4DVVCT&keywords=Guitar&qid=1672035594&sprefix=guitar%2Caps%2C410&sr=8-40
Intern,Intern INT-38C Acoustic Guitar Kit (Natural),"2,399","Wednesday, 28 December",7 days Replacement,In stock.,https://www.amazon.in/Intern-INT-38C-Acoustic-Guitar-Natural/dp/B073B4D22T/ref=sr_1_41?crid=2WL0QRE4DVVCT&keywords=Guitar&qid=1672035594&sprefix=guitar%2Caps%2C410&sr=8-41
medellin,"Medellin MDCF38BK 38"" Carbon Fiber Acoustic Guitar With HAndrest, Set Of Strings, Strap, Bag, 3 Picks, Capo, Guitar Wall Hanging StAnd (Matt Pink)","2,428","Wednesday, 28 December",7 days Replacement,In stock.,https://www.amazon.in/Medellin-Acoustic-specailized-learning-beginners/dp/B09MSH3RY1/ref=sr_1_42?crid=2WL0QRE4DVVCT&keywords=Guitar&qid=1672035594&sprefix=guitar%2Caps%2C410&sr=8-42
Intern,"Intern INT-38C Lindenwood Acoustic Guitar Kit (Sunburst) With Carry Bag, Picks, Strings Set And Guitar Strap (Small)","2,399","Wednesday, 28 December",7 days Replacement,In stock.,https://www.amazon.in/Intern-INT-38C-Acoustic-Guitar-Sunburst/dp/B073B5MJRM/ref=sr_1_43?crid=2WL0QRE4DVVCT&keywords=Guitar&qid=1672035594&sprefix=guitar%2Caps%2C410&sr=8-43
Intern,"Intern INT-38C-RD-G Linden Wood Cutaway Right Handed Acoustic Guitar Kit, With Bag, Strings, Pick And Strap (Red, 6 Strings)","2,399","Wednesday, 28 December",7 days Replacement,In stock.,https://www.amazon.in/Intern-INT-38C-RD-G-Guitar-Kit-Red/dp/B07K959RKX/ref=sr_1_44?crid=2WL0QRE4DVVCT&keywords=Guitar&qid=1672035594&sprefix=guitar%2Caps%2C410&sr=8-44
Fender,Fender Squier CD 60 Dread V3 DS 6 String Acoustic Guitar Solid Top - Walnut Fretboard-Natural Right-Hand One of The Most reputed Guitar Brands in the World,"12,530","Wednesday, 28 December",7 days Replacement,In stock.,https://www.amazon.in/Fender-Dread-String-Acoustic-Guitar/dp/B07RL6VG3H/ref=sr_1_45?crid=2WL0QRE4DVVCT&keywords=Guitar&qid=1672035594&sprefix=guitar%2Caps%2C410&sr=8-45
VAULT,"Vault Traveller 34 Inch Acoustic Guitar With Bag, Strap, Strings, Polishing Cloth, String Winder, Picks & E-Book - Natural Gloss","4,299","Wednesday, 28 December",7 days Replacement,In stock.,https://www.amazon.in/Traveller-Acoustic-Guitar-Strings-Polishing/dp/B07RK9962M/ref=sr_1_46?crid=2WL0QRE4DVVCT&keywords=Guitar&qid=1672035594&sprefix=guitar%2Caps%2C410&sr=8-46
Intern,"INTERN 41 inches Acoustic Guitar with truss rod. Includes carry bag, strings pack, strap & plectrums. Premium Wooden durable built, tonal stability & for all age-groups(Electric Blue).","3,390","Wednesday, 28 December",7 days Replacement,Only 1 left in stock.,https://www.amazon.in/Acoustic-plectrums-stability-age-groups-Electric/dp/B09YH8JRZH/ref=sr_1_47?crid=2WL0QRE4DVVCT&keywords=Guitar&qid=1672035594&sprefix=guitar%2Caps%2C410&sr=8-47
Intern,"INTERN 40 inches Acoustic Guitar with Pick-up & truss rod, carry bag, strings pack, strap & picks. Premium Wooden durable built, tonal stability with professional sound amplificaiton. (Black).","5,189","Wednesday, 28 December",7 days Replacement,In stock.,https://www.amazon.in/Acoustic-Pick-up-stability-professional-amplificaiton/dp/B09YHCR3R8/ref=sr_1_48?crid=2WL0QRE4DVVCT&keywords=Guitar&qid=1672035594&sprefix=guitar%2Caps%2C410&sr=8-48
Intern,"Intern INT-38C-NT-G 38 Incheses lindenwood Right HAnded Acoustic Guitar Kit With Bag, Strings, Pick And Strap (Natural, 6-Strings)","2,499","Wednesday, 28 December",7 days Replacement,In stock.,https://www.amazon.in/Intern-INT-38C-NT-G-Guitar-Kit-Natural/dp/B07K9MZZH9/ref=sr_1_49?crid=2WL0QRE4DVVCT&keywords=Guitar&qid=1672035594&sprefix=guitar%2Caps%2C410&sr=8-49
JUAREZ,"Juarez Lindenwood Acoustic Guitar Kit, 38 Inches Cutaway, 38C With Bag, Strings, Pick And Strap, 3TS Sunburst","2,479","Wednesday, 28 December",7 days Replacement,In stock.,https://www.amazon.in/JUAREZ-JRZ38C-Acoustic-Sunburst-Strings/dp/B01FYYTDTU/ref=sr_1_50?crid=2WL0QRE4DVVCT&keywords=Guitar&qid=1672035594&sprefix=guitar%2Caps%2C410&sr=8-50
Fender,"Fender FA-235E 25.5 Inches Sprucewood Concert Bodied Acoustic Guitar (Moonlight Burst, Multicolour)","27,985","Wednesday, 28 December",7 days Replacement,In stock.,https://www.amazon.in/Fender-FA-235E-Concert-Bodied-Acoustic/dp/B07BCQ7P7Z/ref=sr_1_51?crid=2WL0QRE4DVVCT&keywords=Guitar&qid=1672035594&sprefix=guitar%2Caps%2C410&sr=8-51
GIVSUN,"Givsun Venus Full Rose Natural 6-String Cut A Way Right Hand Acoustic Semi-Electric Guitar With Bag And Free 1 Set String,2 Picks","4,289","Sunday, 1 January",7 days Replacement,Only 2 left in stock.,https://www.amazon.in/Givsun-Natural-6-String-Acoustic-Semi-Electric/dp/B07ZTWLY4J/ref=sr_1_52?crid=2WL0QRE4DVVCT&keywords=Guitar&qid=1672035594&sprefix=guitar%2Caps%2C410&sr=8-52
PRS,"PRS Guitars Electric Guitar, SE Custom 24, 2021 Series -Faded Blue Burst CU44DC","88,636","Wednesday, 28 December",7 days Replacement,Only 1 left in stock.,https://www.amazon.in/PRS-Guitars-Electric-Guitar-Custom/dp/B08T7PYWDV/ref=sr_1_53?crid=2WL0QRE4DVVCT&keywords=Guitar&qid=1672035594&sprefix=guitar%2Caps%2C410&sr=8-53
JUAREZ,"Juarez Acoustic Guitar, [LEFT HANDED] 96.52 cm (38 Inch) Cutaway, 38CL/TBLS with Bag, Strings, Pick and Strap, Blue Sunburst","2,109","Wednesday, 28 December",7 days Replacement,In stock.,https://www.amazon.in/Acoustic-Cutaway-TBLS-Strings-Sunburst/dp/B098BCCY75/ref=sr_1_54?crid=2WL0QRE4DVVCT&keywords=Guitar&qid=1672035594&sprefix=guitar%2Caps%2C410&sr=8-54
Intern,"INTERN 41 inches Cutaway Shape Acoustic Guitar with truss rod. Includes plectrums. Premium Wooden durable built, Best tonal stability and bend resistance (Jamming Black).…","2,874","Wednesday, 28 December",7 days Replacement,In stock.,https://www.amazon.in/Cutaway-Acoustic-plectrums-stability-resistance/dp/B09YH8LP53/ref=sr_1_55?crid=2WL0QRE4DVVCT&keywords=Guitar&qid=1672035594&sprefix=guitar%2Caps%2C410&sr=8-55
Intern,"INTERN Cutaway Design Acoustic Guitar Pack -Humidity Proof body, Bend resistance, Durable Action, Natural tone & bright resonance. Blue Carbon Fibre/Fiber Guitar with Bag, Strap, Strings set, Picks…","2,390","Wednesday, 28 December",7 days Replacement,In stock.,https://www.amazon.in/Cutaway-Acoustic-Humidity-resistance-resonance/dp/B09RRH7R5F/ref=sr_1_56_mod_primary_new?crid=2WL0QRE4DVVCT&keywords=Guitar&qid=1672035594&sbo=RZvfv%2F%2FHxDF%2BO5021pAnSA%3D%3D&sprefix=guitar%2Caps%2C410&sr=8-56
blueberry,"Blueberry 38C, 38"" Acoustic Guitar Kit with Bag, Strap, One Pack Strings And Picks (Redburst)","2,695","Thursday, 29 December",7 days Replacement,In stock.,https://www.amazon.in/sspa/click?ie=UTF8&spc=MTo0MzY3MTU3Njk4MjUwMjU3OjE2NzIwMzU1OTQ6c3BfYnRmOjIwMDc4MzM2ODg3MTk4OjowOjo&url=%2FBlueberry-Acoustic-Guitar-Strings-Redburst%2Fdp%2FB09N9R525J%2Fref%3Dsr_1_57_sspa%3Fcrid%3D2WL0QRE4DVVCT%26keywords%3DGuitar%26qid%3D1672035594%26sprefix%3Dguitar%252Caps%252C410%26sr%3D8-57-spons%26sp_csd%3Dd2lkZ2V0TmFtZT1zcF9idGY%26psc%3D1
NM,"NM Signature Blue Rosewood Fretboard Acoustic Guitar With Bag,Strap,1 Set of Extra Strings and 2 Picks","3,990","Sunday, 1 January",7 days Replacement,In stock.,https://www.amazon.in/sspa/click?ie=UTF8&spc=MTo0MzY3MTU3Njk4MjUwMjU3OjE2NzIwMzU1OTQ6c3BfYnRmOjIwMDk5NzY4MjY4ODk4OjowOjo&url=%2FNM-Signature-Rosewood-Fretboard-Acoustic%2Fdp%2FB09X5B99PD%2Fref%3Dsr_1_58_sspa%3Fcrid%3D2WL0QRE4DVVCT%26keywords%3DGuitar%26qid%3D1672035594%26sprefix%3Dguitar%252Caps%252C410%26sr%3D8-58-spons%26sp_csd%3Dd2lkZ2V0TmFtZT1zcF9idGY%26psc%3D1
DIKUJI,DIKUJI ENTERPRISE Plastic Medium Acoustic Guitar Learning Toy for Kids (Brown),999,"Wednesday, 28 December",7 days Replacement,In stock.,https://www.amazon.in/sspa/click?ie=UTF8&spc=MTo0MzY3MTU3Njk4MjUwMjU3OjE2NzIwMzU1OTQ6c3BfYnRmOjIwMDcyNTMyMTE2MjA3OjowOjo&url=%2FDIKUJI-ENTERPRISE-Acoustic-Guitar-Learning%2Fdp%2FB099GS1WG6%2Fref%3Dsr_1_59_sspa%3Fcrid%3D2WL0QRE4DVVCT%26keywords%3DGuitar%26qid%3D1672035594%26sprefix%3Dguitar%252Caps%252C410%26sr%3D8-59-spons%26sp_csd%3Dd2lkZ2V0TmFtZT1zcF9idGY%26psc%3D1
blueberry,"Blueberry B40-40Inches Acoustic Guitar Kit inbuilt Truss Rod, with Bag, Strap, One Pack Strings and Picks (Sunburst)","4,990","Thursday, 29 December",7 days Replacement,In stock.,https://www.amazon.in/sspa/click?ie=UTF8&spc=MTo0MzY3MTU3Njk4MjUwMjU3OjE2NzIwMzU1OTQ6c3BfYnRmOjIwMTAzNTI4NjU2Njk4OjowOjo&url=%2FBlueberry-40Inches-Acoustic-inbuilt-Sunburst%2Fdp%2FB07PHFXH6W%2Fref%3Dsr_1_60_sspa%3Fcrid%3D2WL0QRE4DVVCT%26keywords%3DGuitar%26qid%3D1672035594%26sprefix%3Dguitar%252Caps%252C410%26sr%3D8-60-spons%26sp_csd%3Dd2lkZ2V0TmFtZT1zcF9idGY%26psc%3D1
Medellin,"Medellin 38"" Acoustic Guitar premium wood with adjustable Truss-rod, free online learning course, Set Of Strings, Strap, Bag and 3 Picks (Sunburst Truss Rod)…","2,398","Thursday, 29 December",7 days Returnable,In stock.,https://www.amazon.in/sspa/click?ie=UTF8&spc=MTo2ODIwODQ2MzYxNjQyMzA0OjE2NzIwMzU2MTg6c3BfYXRmX25leHQ6MjAxMDI4NDExNjQ4OTg6OjA6Og&url=%2FMedellin-Acoustic-adjustable-Truss-rod-learning%2Fdp%2FB0BML6DZGJ%2Fref%3Dsr_1_49_sspa%3Fcrid%3D2WL0QRE4DVVCT%26keywords%3DGuitar%26qid%3D1672035618%26sprefix%3Dguitar%252Caps%252C410%26sr%3D8-49-spons%26sp_csd%3Dd2lkZ2V0TmFtZT1zcF9hdGZfbmV4dA%26psc%3D1
blueberry,"Blueberry B-D38 38 Incheses wood Acoustic Guitar Kit Inbuilt Truss Rod With Bag, Strap, One Pack Strings And Picks (Blue)","2,515","Thursday, 29 December",7 days Replacement,In stock.,https://www.amazon.in/sspa/click?ie=UTF8&spc=MTo2ODIwODQ2MzYxNjQyMzA0OjE2NzIwMzU2MTg6c3BfYXRmX25leHQ6MjAwNzgzMzY4ODc0OTg6OjA6Og&url=%2FBlueberry-B-D38-Acoustic-Inbuilt-Strings%2Fdp%2FB07PHYZZP1%2Fref%3Dsr_1_50_sspa%3Fcrid%3D2WL0QRE4DVVCT%26keywords%3DGuitar%26qid%3D1672035618%26sprefix%3Dguitar%252Caps%252C410%26sr%3D8-50-spons%26sp_csd%3Dd2lkZ2V0TmFtZT1zcF9hdGZfbmV4dA%26psc%3D1
Cort,"Cort AD810 Dreadnought Acoustic Guitar with Gig Bag,Tuner,Picks and Strap (Natural Bundle)","10,800","Wednesday, 28 December",7 days Replacement,In stock.,https://www.amazon.in/sspa/click?ie=UTF8&spc=MTo2ODIwODQ2MzYxNjQyMzA0OjE2NzIwMzU2MTg6c3BfYXRmX25leHQ6MjAwMTk2MjU1OTIxMDQ6OjA6Og&url=%2FCort-AD810-Dreadnought-Acoustic-Guitar%2Fdp%2FB07KMBVR6V%2Fref%3Dsr_1_51_sspa%3Fcrid%3D2WL0QRE4DVVCT%26keywords%3DGuitar%26qid%3D1672035618%26sprefix%3Dguitar%252Caps%252C410%26sr%3D8-51-spons%26sp_csd%3Dd2lkZ2V0TmFtZT1zcF9hdGZfbmV4dA%26psc%3D1%26smid%3DA2E0IZ06LXDJ9X
FESTRA,"Festra R-40-Natural Acoustic Guitar Kit with Bag, Strap, One Pack Strings And 2 Picks","4,495","Thursday, 29 December",7 days Replacement,In stock.,https://www.amazon.in/sspa/click?ie=UTF8&spc=MTo2ODIwODQ2MzYxNjQyMzA0OjE2NzIwMzU2MTg6c3BfYXRmX25leHQ6MjAwNzgzMzY4ODU5OTg6OjA6Og&url=%2FFestra-R-40-Natural-Acoustic-Guitar-Strings%2Fdp%2FB09VL5DX17%2Fref%3Dsr_1_52_sspa%3Fcrid%3D2WL0QRE4DVVCT%26keywords%3DGuitar%26qid%3D1672035618%26sprefix%3Dguitar%252Caps%252C410%26sr%3D8-52-spons%26sp_csd%3Dd2lkZ2V0TmFtZT1zcF9hdGZfbmV4dA%26psc%3D1
Fender,Fender Squier 39 Inch 6 String Cutaway Acoustic Guitar Solid Top - Hardwood Fretboard - Natural SA 135C Right-Hand One of The Most reputed Guitar Brands in the World,"7,132","Wednesday, 28 December",7 days Replacement,In stock.,https://www.amazon.in/Fender-String-Cutaway-Acoustic-Guitar/dp/B07YX5W8MV/ref=sr_1_53?crid=2WL0QRE4DVVCT&keywords=Guitar&qid=1672035618&sprefix=guitar%2Caps%2C410&sr=8-53
YAMAHA,"Yamaha FS100C Acoustic Guitar, Black","9,990","Thursday, 29 December",7 days Replacement,In stock.,https://www.amazon.in/Yamaha-FS-100C-6-String-Acoustic-without/dp/B00PAS9CK6/ref=sr_1_54?crid=2WL0QRE4DVVCT&keywords=Guitar&qid=1672035618&sprefix=guitar%2Caps%2C410&sr=8-54
Ibanez,"Ibanez MD39C-NT Acoustic Guitar (Natural), Designed in Japan and Made Specially for India","6,990","Wednesday, 28 December",7 days Replacement,In stock.,https://www.amazon.in/Ibanez-IBA-MD39CNT-Acoustic-Guitar-MD39C-NT/dp/B07G4CCMYL/ref=sr_1_55?crid=2WL0QRE4DVVCT&keywords=Guitar&qid=1672035618&sprefix=guitar%2Caps%2C410&sr=8-55
GIVSUN,"Givsun Topaz Special Blue 6-String Cut A Way Right Hand Acoustic Semi-Electric Guitar With Bag And Free 1 Set String,2 Picks","4,169","Sunday, 1 January",7 days Replacement,In stock.,https://www.amazon.in/Givsun-Special-6-String-Acoustic-Semi-Electric/dp/B07ZTWMKCS/ref=sr_1_56?crid=2WL0QRE4DVVCT&keywords=Guitar&qid=1672035618&sprefix=guitar%2Caps%2C410&sr=8-56
JUAREZ,JUAREZ Arpeggio Guitar JRB40LN-3TS,"5,510","Wednesday, 28 December",7 days Replacement,In stock.,https://www.amazon.in/JUAREZ-JRB40LN-3TS-Arpeggio-Guitar/dp/B08MW8F9VS/ref=sr_1_57?crid=2WL0QRE4DVVCT&keywords=Guitar&qid=1672035618&sprefix=guitar%2Caps%2C410&sr=8-57
YAMAHA,"Yamaha Electric-Acoustic Guitar FX280 Dreadnought With Mexa Sponge Guitar Bag, Belt,Plectrums (Natural)","12,380","Thursday, 29 December",7 days Replacement,In stock.,https://www.amazon.in/Electric-Acoustic-FX280-Dreadnought-Plectrums-Natural/dp/B09HSDVQDT/ref=sr_1_58?crid=2WL0QRE4DVVCT&keywords=Guitar&qid=1672035618&sprefix=guitar%2Caps%2C410&sr=8-58
YAMAHA,"Yamaha F280 Acoustic Guitar, Tobacco Brown Sunburst","6,890",,7 days Replacement,Usually dispatched in 3 to 4 days.,https://www.amazon.in/Yamaha-Acoustic-Guitar-Tobacco-Sunburst/dp/B08VXR74Q2/ref=sr_1_59_mod_primary_new?crid=2WL0QRE4DVVCT&keywords=Guitar&qid=1672035618&sbo=RZvfv%2F%2FHxDF%2BO5021pAnSA%3D%3D&sprefix=guitar%2Caps%2C410&sr=8-59
VAULT,Vault PA36 Parlor Acoustic Guitar Kit,"7,499","Wednesday, 28 December",7 days Replacement,In stock.,https://www.amazon.in/Vault-PA36-Parlor-Acoustic-Guitar/dp/B0BJK1332J/ref=sr_1_60?crid=2WL0QRE4DVVCT&keywords=Guitar&qid=1672035618&sprefix=guitar%2Caps%2C410&sr=8-60
Juârez,"Juârez JRZ38C/MAH 6 Strings Acoustic Guitar 38 Inch Cutaway, Right Handed, Mahogany with Bag, Strings, Picks and Strap","3,522","Wednesday, 28 December",7 days Replacement,In stock.,https://www.amazon.in/JRZ38C-Strings-Acoustic-Cutaway-Mahogany/dp/B071JM8C6T/ref=sr_1_61?crid=2WL0QRE4DVVCT&keywords=Guitar&qid=1672035618&sprefix=guitar%2Caps%2C410&sr=8-61
YAMAHA,Yamaha FX280 Natural Electro Acoustic Guitar,"10,570",,7 days Replacement,Usually dispatched in 3 to 4 days.,https://www.amazon.in/Yamaha-FX280-acoustic-Dreadnought-Natural/dp/B09HR6BNFQ/ref=sr_1_62_mod_primary_new?crid=2WL0QRE4DVVCT&keywords=Guitar&qid=1672035618&sbo=RZvfv%2F%2FHxDF%2BO5021pAnSA%3D%3D&sprefix=guitar%2Caps%2C410&sr=8-62
Medellin,"Medellin 38 Incheses Acoustic Guitar Carbon Fiber Body With Set Of Strings, Strap, Bag, 3 Picks, Capo, Guitar Wall Hanging Stand (own)","2,247","Thursday, 29 December",7 days Replacement,In stock.,https://www.amazon.in/Medellin-Acoustic-LEARNING-beginners-handrest/dp/B09MSKKHJC/ref=sr_1_63?crid=2WL0QRE4DVVCT&keywords=Guitar&qid=1672035618&sprefix=guitar%2Caps%2C410&sr=8-63
Juârez,"JUAREZ JRZ-ST01, 6 Strings Linden Wood Electric Guitar, Right Handed with Bag/Case, 2 x Picks (3TS Sunburst)","6,329","Wednesday, 28 December",7 days Replacement,In stock.,https://www.amazon.in/JRZ-ST01-6-String-Electric-Sunburst-Without/dp/B01FYZSOEE/ref=sr_1_64?crid=2WL0QRE4DVVCT&keywords=Guitar&qid=1672035618&sprefix=guitar%2Caps%2C410&sr=8-64
JUAREZ,"Juarez Acoustic Lindenwood Guitar, 38 Inches Cutaway With Pick Guard, 38C/RDS With Bag, Strings, Pick And Strap, Red Sunburst","2,516","Wednesday, 28 December",7 days Replacement,In stock.,https://www.amazon.in/Acoustic-Cutaway-RDS-Strings-Sunburst/dp/B076QGY91P/ref=sr_1_65?crid=2WL0QRE4DVVCT&keywords=Guitar&qid=1672035618&sprefix=guitar%2Caps%2C410&sr=8-65
Fender,Fender Classic Design Dreadnought Acoustic Guitar Solid Top CD-60S Right-Hand (Black) One of The Most reputed Guitar Brands in the World,"13,340",-,7 days Replacement,Usually dispatched in 3 to 4 days.,https://www.amazon.in/Fender-Classic-Design-Dreadnought-Acoustic/dp/B07HYS18LJ/ref=sr_1_66?crid=2WL0QRE4DVVCT&keywords=Guitar&qid=1672035618&sprefix=guitar%2Caps%2C410&sr=8-66
JUAREZ,"Juârez Acoustic Guitar, 38 Inch Cutaway, JRZ38CT, Hippie Funky Design, with Bag, Picks, Strap & Extra String set","2,570","Wednesday, 28 December",7 days Replacement,In stock.,https://www.amazon.in/Juarez-Acoustic-Guitar-Cutaway-JRZ38CT/dp/B01N3TTYJQ/ref=sr_1_67?crid=2WL0QRE4DVVCT&keywords=Guitar&qid=1672035618&sprefix=guitar%2Caps%2C410&sr=8-67
VAULT,Vault CL-20 4/4 size Classical Guitar With Bag,"4,799","Wednesday, 28 December",7 days Replacement,In stock.,https://www.amazon.in/Vault-CL-20-size-Classical-Guitar/dp/B097NB12H3/ref=sr_1_68?crid=2WL0QRE4DVVCT&keywords=Guitar&qid=1672035618&sprefix=guitar%2Caps%2C410&sr=8-68
blueberry,"Blueberry B40L, 40"" Acoustic Guitar Kit Inbuilt Truss Rod with Bag, Strap, One Pack Strings And Picks (Classic Maroon)","4,495","Thursday, 29 December",7 days Replacement,In stock.,https://www.amazon.in/sspa/click?ie=UTF8&spc=MTo2ODIwODQ2MzYxNjQyMzA0OjE2NzIwMzU2MTg6c3BfbXRmOjIwMDc4MzM2ODg1MTk4OjowOjo&url=%2FBlueberry-Acoustic-Inbuilt-Strings-Classic%2Fdp%2FB09VLF8B8G%2Fref%3Dsr_1_69_sspa%3Fcrid%3D2WL0QRE4DVVCT%26keywords%3DGuitar%26qid%3D1672035618%26sprefix%3Dguitar%252Caps%252C410%26sr%3D8-69-spons%26sp_csd%3Dd2lkZ2V0TmFtZT1zcF9tdGY%26psc%3D1
VAULT,"Vault DA20 Dreadnought Acoustic Guitar With Gig-Bag, Picks, Strings Set, String Winder, Strap, Polishing Cloth And Allen Key","4,465","Wednesday, 28 December",7 days Replacement,In stock.,https://www.amazon.in/sspa/click?ie=UTF8&spc=MTo2ODIwODQ2MzYxNjQyMzA0OjE2NzIwMzU2MTg6c3BfbXRmOjIwMDkyNjI0MDIxNTk4OjowOjo&url=%2FDreadnought-Acoustic-Gig-Bag-Strings-Polishing%2Fdp%2FB0BJJRJVHY%2Fref%3Dsr_1_70_sspa%3Fcrid%3D2WL0QRE4DVVCT%26keywords%3DGuitar%26qid%3D1672035618%26sprefix%3Dguitar%252Caps%252C410%26sr%3D8-70-spons%26sp_csd%3Dd2lkZ2V0TmFtZT1zcF9tdGY%26psc%3D1
blueberry,"Blueberry 38C, 38"" Acoustic Guitar Kit with Bag, Strap, One Pack Strings And Picks (Black)","2,695","Thursday, 29 December",7 days Replacement,In stock.,https://www.amazon.in/sspa/click?ie=UTF8&spc=MTo2ODIwODQ2MzYxNjQyMzA0OjE2NzIwMzU2MTg6c3BfbXRmOjIwMDc4MzM2ODg4ODk4OjowOjo&url=%2FBlueberry-38C-Acoustic-Guitar-Strings%2Fdp%2FB08KLMV4XX%2Fref%3Dsr_1_71_sspa%3Fcrid%3D2WL0QRE4DVVCT%26keywords%3DGuitar%26qid%3D1672035618%26sprefix%3Dguitar%252Caps%252C410%26sr%3D8-71-spons%26sp_csd%3Dd2lkZ2V0TmFtZT1zcF9tdGY%26psc%3D1
blueberry,"Blueberry B-D38, 38 Inch Acoustic Guitar Kit Inbuilt Truss Rod with Bag, Strap, One Pack Strings And Picks (Sunburst)","2,795","Thursday, 29 December",7 days Replacement,In stock.,https://www.amazon.in/sspa/click?ie=UTF8&spc=MTo2ODIwODQ2MzYxNjQyMzA0OjE2NzIwMzU2MTg6c3BfbXRmOjIwMDc4MzM2ODg3Njk4OjowOjo&url=%2FBlueberry-B-D38-Acoustic-Inbuilt-Sunburst%2Fdp%2FB08LNP8KGS%2Fref%3Dsr_1_72_sspa%3Fcrid%3D2WL0QRE4DVVCT%26keywords%3DGuitar%26qid%3D1672035618%26sprefix%3Dguitar%252Caps%252C410%26sr%3D8-72-spons%26sp_csd%3Dd2lkZ2V0TmFtZT1zcF9tdGY%26psc%3D1
B,B For Best 4 String Acoustic Décor Guitar Children's Educational Musical Instrument Child Learning Random Brown Best Gift Boys & Girls 24 Inch Kids Keep Tone Picks Strap Ability Beginner Sound,887,"Wednesday, 28 December",10 days Returnable,In stock.,https://www.amazon.in/Best-Acoustic-Childrens-Educational-Instrument/dp/B0BMYJ3PXY/ref=sr_1_73?crid=2WL0QRE4DVVCT&keywords=Guitar&qid=1672035618&sprefix=guitar%2Caps%2C410&sr=8-73
YAMAHA,"YAMAHA F310, 6-Strings Rose Wood Acoustic Guitar, Natural","9,295","Thursday, 29 December",7 days Replacement,In stock.,https://www.amazon.in/Yamaha-F310-6-Strings-Acoustic-Natural/dp/B000RVYW7E/ref=sr_1_74?crid=2WL0QRE4DVVCT&keywords=Guitar&qid=1672035618&sprefix=guitar%2Caps%2C410&sr=8-74
HOVNER,"Hovner Carlton Special Quality Rosewood Fretboard Blue Semi Acoustic Guitar With Bag,Strap,1 Set of Extra Strings and 2 Picks By K-Retail (Blue)","4,750","Sunday, 1 January",7 days Replacement,In stock.,https://www.amazon.in/Carlton-Rosewood-Fretboard-Acoustic-K-Retail/dp/B07KK8P9VB/ref=sr_1_75?crid=2WL0QRE4DVVCT&keywords=Guitar&qid=1672035618&sprefix=guitar%2Caps%2C410&sr=8-75
Intern,Intern INT-38C Acoustic Guitar Kit (Red),"2,399","Wednesday, 28 December",7 days Replacement,In stock.,https://www.amazon.in/Intern-INT-38C-Acoustic-Guitar-Kit/dp/B073B6TF31/ref=sr_1_76?crid=2WL0QRE4DVVCT&keywords=Guitar&qid=1672035618&sprefix=guitar%2Caps%2C410&sr=8-76
Sawtooth,Sawtooth Maple Series Left-Handed Acoustic-Electric Cutaway Jumbo Guitar with Padded Gig Bag and Pick Sampler,"1,16,197",January 12 - 16,7 days Replacement,Usually dispatched in 3 to 4 days.,https://www.amazon.in/Sawtooth-Left-Handed-Acoustic-Electric-Cutaway-Sampler/dp/B07GQ9HDK3/ref=sr_1_77?crid=2WL0QRE4DVVCT&keywords=Guitar&qid=1672035618&sprefix=guitar%2Caps%2C410&sr=8-77
Walden,"Walden, Acoustic Guitar, Grand Auditorium with Bag -Satin Natural G550RE/W","42,555","Wednesday, 28 December",7 days Replacement,Only 1 left in stock (more on the way).,https://www.amazon.in/Walden-Acoustic-Auditorium-Natural-G550RE/dp/B086XBPM4R/ref=sr_1_78?crid=2WL0QRE4DVVCT&keywords=Guitar&qid=1672035618&sprefix=guitar%2Caps%2C410&sr=8-78
Kadence,"Kadence Acoustic Guitar Frontier Series For Beginners With Padded Bag, Belt, Plectrums Complete Pack.","5,999","Thursday, 29 December",7 days Replacement,Only 1 left in stock.,https://www.amazon.in/Kadence-Acoustic-Frontier-Beginners-Plectrums/dp/B09N97SV4C/ref=sr_1_79?crid=2WL0QRE4DVVCT&keywords=Guitar&qid=1672035618&sprefix=guitar%2Caps%2C410&sr=8-79
MUSICAL,"Musical String New Acoustic Guitar 6 string, 21 freet, 41 inches Black Mat Finished with Black Cover Bag, Picks and One Extra String Set","2,999","Sunday, 1 January",7 days Replacement,In stock.,https://www.amazon.in/Musical-String-Acoustic-Guitar-Finished/dp/B08W4JGP4B/ref=sr_1_80?crid=2WL0QRE4DVVCT&keywords=Guitar&qid=1672035618&sprefix=guitar%2Caps%2C410&sr=8-80
YAMAHA,"Yamaha FS100C Acoustic Guitar, Natural","9,990","Thursday, 29 December",7 days Replacement,In stock.,https://www.amazon.in/Yamaha-FS100C-Acoustic-Guitars-Natural/dp/B00QKD79QE/ref=sr_1_81?crid=2WL0QRE4DVVCT&keywords=Guitar&qid=1672035618&sprefix=guitar%2Caps%2C410&sr=8-81
Martin,Martin Smith W-101-SB-PK Acoustic Guitar Super Kit with Stand (Sun Burst),"6,156",-,Returns Policy,,https://www.amazon.in/Martin-Smith-W-101-SB-PK-Acoustic-Guitar/dp/B019MY0ZGI/ref=sr_1_82?crid=2WL0QRE4DVVCT&keywords=Guitar&qid=1672035618&sprefix=guitar%2Caps%2C410&sr=8-82
Fender,Fender 0930307032 SA-105CE Dreadnought Cutaway Electric Guitar - Sunburst,"12,799","Wednesday, 28 December",7 days Replacement,In stock.,https://www.amazon.in/Fender-0930307032-SA-105CE-Dreadnought-Electric/dp/B009X3PM08/ref=sr_1_83?crid=2WL0QRE4DVVCT&keywords=Guitar&qid=1672035618&sprefix=guitar%2Caps%2C410&sr=8-83
JUAREZ,"JUAREZ Arpeggio Guitar JRA41SP-RD-K, red","7,009","Wednesday, 28 December",7 days Replacement,In stock.,https://www.amazon.in/JUAREZ-Arpeggio-Guitar-JRA41SP-RD-K-red/dp/B08MW8CWG8/ref=sr_1_84?crid=2WL0QRE4DVVCT&keywords=Guitar&qid=1672035618&sprefix=guitar%2Caps%2C410&sr=8-84
medellin,"Medellin MDCF38BK Carbon Fiber Acoustic Guitar With Handrest, Set Of Strings, Strap, Bag, 3 Picks, Capo, Guitar Wall Hanging Stand (Matt, Sunburst)","2,247","Thursday, 29 December",7 days Replacement,In stock.,https://www.amazon.in/Medellin-Acoustic-specailized-learning-beginners/dp/B09MSGN39M/ref=sr_1_85?crid=2WL0QRE4DVVCT&keywords=Guitar&qid=1672035618&sprefix=guitar%2Caps%2C410&sr=8-85
Intern,"Intern INT-38C-VT-G 38 Incheses Cutaway Right HAnded lindenwood Acoustic Guitar Kit, With Bag, Strings, Pick And Strap (Violet, 6-Strings)","2,399","Wednesday, 28 December",7 days Replacement,In stock.,https://www.amazon.in/Intern-INT-38C-VT-G-Guitar-Kit-Violet/dp/B07K8YJXKL/ref=sr_1_86?crid=2WL0QRE4DVVCT&keywords=Guitar&qid=1672035618&sprefix=guitar%2Caps%2C410&sr=8-86
blueberry,"Blueberry R-701 Gray, 6 String Right Handed Beginner Full Size Rosewood Fret board Electric Guitar with Bag, Strap, One Set of Strings and 2 Picks","5,999","Thursday, 29 December",7 days Returnable,In stock.,https://www.amazon.in/Blueberry-Beginner-Rosewood-Electric-Strings/dp/B0BLYP3Q6S/ref=sr_1_87?crid=2WL0QRE4DVVCT&keywords=Guitar&qid=1672035618&sprefix=guitar%2Caps%2C410&sr=8-87
Fender.,"Fender.Electro Acoustic Guitar CD60SCE (Solid Top) All Mahogany Dreadnought 6-Strings - Rosewood Fret board-Black With Sponge bag, Belt, String set, & Plectrums Complete Kit.","28,999","Thursday, 29 December",7 days Replacement,Only 2 left in stock.,https://www.amazon.in/CD60SCE-Solid-Top-All-Mahogany/dp/B08DN1HSN1/ref=sr_1_88?crid=2WL0QRE4DVVCT&keywords=Guitar&qid=1672035618&sprefix=guitar%2Caps%2C410&sr=8-88
VAULT,"Vault EA20 Guitar Kit with Learn to Play Ebook, Bag, Strings, Straps, Picks, String winder & Polishing Cloth - 40 inch Cutaway Acoustic Guitar","4,669","Wednesday, 28 December",7 days Replacement,In stock.,https://www.amazon.in/Strings-Straps-String-winder-Polishing/dp/B07RV9FJ2Z/ref=sr_1_89?crid=2WL0QRE4DVVCT&keywords=Guitar&qid=1672035618&sprefix=guitar%2Caps%2C410&sr=8-89
Pluto,Pluto HW41C-201 41-inch Cutaway Acoustic Guitar (Natural),"6,900","Wednesday, 28 December",7 days Replacement,In stock.,https://www.amazon.in/Pluto-HW41C201-HW41C-201-Acoustic-Guitar/dp/B014R94H1W/ref=sr_1_90?crid=2WL0QRE4DVVCT&keywords=Guitar&qid=1672035618&sprefix=guitar%2Caps%2C410&sr=8-90
Best,Best T 4 String Acoustic Décor Guitar Children's Educational Musical Instrument Child Learning Random Brown Best Gift Boys & Girls 24 Inch Kids Keep Tone Picks Strap Ability Beginner Sound,889,"Wednesday, 28 December",10 days Returnable,In stock.,https://www.amazon.in/Best-Acoustic-Childrens-Educational-Instrument/dp/B0BMX83WZ1/ref=sr_1_91?crid=2WL0QRE4DVVCT&keywords=Guitar&qid=1672035618&sprefix=guitar%2Caps%2C410&sr=8-91
Cort,Cort AD810E Dreadnought Electro Acoustic Guitar,"12,899","Wednesday, 28 December",7 days Replacement,In stock.,https://www.amazon.in/Cort-AD810E-Dreadnought-Electro-Acoustic/dp/B00V9RNUD2/ref=sr_1_92?crid=2WL0QRE4DVVCT&keywords=Guitar&qid=1672035618&sprefix=guitar%2Caps%2C410&sr=8-92
JUAREZ,"Juarez Acoustic Guitar, [ LEFT HANDED] 38 Inch Cutaway, 38CL/BK with Bag, Strings, Pick and Strap, Black","2,755","Wednesday, 28 December",7 days Replacement,In stock.,https://www.amazon.in/Juarez-Acoustic-Cutaway-BK-Strings/dp/B076T3RHMG/ref=sr_1_93?crid=2WL0QRE4DVVCT&keywords=Guitar&qid=1672035618&sprefix=guitar%2Caps%2C410&sr=8-93
Henrix,"Henrix 38C 38 Inch Left Handed Cutaway Acoustic Guitar with Dual Action Truss Rod, Gigbag, Picks, String Set, Strap, Cloth & Ebook- Natural","2,849","Wednesday, 28 December",7 days Replacement,Only 2 left in stock.,https://www.amazon.in/Henrix-Handed-Cutway-Acoustic-Polishing/dp/B08R3DKYGM/ref=sr_1_94?crid=2WL0QRE4DVVCT&keywords=Guitar&qid=1672035618&sprefix=guitar%2Caps%2C410&sr=8-94
YAMAHA,"Yamaha F280 Acoustic Guitar, Natural With Bajaao Gig Bag","7,999","Wednesday, 28 December",7 days Replacement,In stock.,https://www.amazon.in/Yamaha-Acoustic-Guitar-Natural-Bajaao/dp/B08RMP2F6Z/ref=sr_1_95?crid=2WL0QRE4DVVCT&keywords=Guitar&qid=1672035618&sprefix=guitar%2Caps%2C410&sr=8-95
Quality,Quality Time 4 String Acoustic Décor Guitar Children's Educational Musical Instrument Child Learning Random Brown Best Gift Boys & Girls 24 Inch Kids Keep Tone Picks Strap Ability Beginner Sound,892,"Wednesday, 28 December",10 days Returnable,In stock.,https://www.amazon.in/Quality-Time-Childrens-Educational-Instrument/dp/B0BMG442FM/ref=sr_1_96?crid=2WL0QRE4DVVCT&keywords=Guitar&qid=1672035618&sprefix=guitar%2Caps%2C410&sr=8-96
YAMAHA,"Yamaha FS100C Acoustic Guitar, Natural","9,990","Wednesday, 28 December",7 days Replacement,In stock.,https://www.amazon.in/Yamaha-FS100C-Acoustic-Guitar-Natural/dp/B08Z3DVN8N/ref=sr_1_97?crid=2WL0QRE4DVVCT&keywords=Guitar&qid=1672035618&sprefix=guitar%2Caps%2C410&sr=8-97
Kadence,"Kadence Frontier 34inch guitar for Kids, Travel Guitar for Adult Acoustic Guitar with Die Cast Keys, Set of Strings, Strap, Picks and Bag (Black Guitar)","3,598","Thursday, 29 December",7 days Replacement,In stock.,https://www.amazon.in/Kadence-Professional-Guitar-Years-Strings/dp/B07YZK5B2Z/ref=sr_1_98?crid=2WL0QRE4DVVCT&keywords=Guitar&qid=1672035618&sprefix=guitar%2Caps%2C410&sr=8-98
YAMAHA,Yamaha 22.8 Inches Merantiwood Classical Guitar C40//02 (Brown),"8,599",December 31 - January 3,7 days Replacement,Only 2 left in stock.,https://www.amazon.in/Yamaha-Classical-Guitar-C40-02/dp/B003UGCUFE/ref=sr_1_99?crid=2WL0QRE4DVVCT&keywords=Guitar&qid=1672035618&sprefix=guitar%2Caps%2C410&sr=8-99
HOVNER,"Hovner 215 Crown Sunburst F-Cut Rosewood Fretboard Acoustic Guitar With Bag,Strap,1 Set of Extra Strings and 2 Picks By K-Retail","4,480","Sunday, 1 January",7 days Replacement,In stock.,https://www.amazon.in/Rosewood-Fretboard-Sunburst-Electro-Acoustic/dp/B07L1WCQKH/ref=sr_1_100?crid=2WL0QRE4DVVCT&keywords=Guitar&qid=1672035618&sprefix=guitar%2Caps%2C410&sr=8-100
Henrix,"Henrix 38C PRO 38 Inch Cutaway Acoustic Guitar With with Die-cast Tuners, Dual-action Truss Rod, Gig-Bag, Picks, String set, String Winder, Strap & Polishing Cloth - Black","3,599","Wednesday, 28 December",7 days Replacement,In stock.,https://www.amazon.in/Henrix-Cutaway-Acoustic-Die-Cast-Tuners/dp/B07KMXDXBV/ref=sr_1_101?crid=2WL0QRE4DVVCT&keywords=Guitar&qid=1672035618&sprefix=guitar%2Caps%2C410&sr=8-101
Ibanez,"Ibanez GRG170DX 40 Inches Wood Electric Guitar, Black","21,039","Wednesday, 28 December",7 days Replacement,In stock.,https://www.amazon.in/Ibanez-GRG170DX-Electric-Guitar-Black/dp/B001EM180O/ref=sr_1_102?crid=2WL0QRE4DVVCT&keywords=Guitar&qid=1672035618&sprefix=guitar%2Caps%2C410&sr=8-102
VAULT,Vault TL1 Tele Style Electric Guitar - Black,"10,299","Wednesday, 28 December",7 days Replacement,In stock.,https://www.amazon.in/Vault-Tele-Style-Electric-Guitar/dp/B09ZJ3Q1KM/ref=sr_1_103?crid=2WL0QRE4DVVCT&keywords=Guitar&qid=1672035618&sprefix=guitar%2Caps%2C410&sr=8-103
YAMAHA,YAMAHA FS80C BLACK CONCERT CUTAWAY GUITAR,"7,590",,7 days Replacement,Usually dispatched in 3 to 4 days.,https://www.amazon.in/YAMAHA-FS80C-CONCERT-CUTAWAY-GUITAR/dp/B08WBBVMVJ/ref=sr_1_104_mod_primary_new?crid=2WL0QRE4DVVCT&keywords=Guitar&qid=1672035618&sbo=RZvfv%2F%2FHxDF%2BO5021pAnSA%3D%3D&sprefix=guitar%2Caps%2C410&sr=8-104
Guitar,"GUITAR BRO - COMBO (Black Acoustic Guitar for Beginner, Guitar Learning Kit, Song Book, Video Lectures, Accessories like Pick, Bag)","8,999",December 31 - January 3,7 days Replacement,In stock.,https://www.amazon.in/sspa/click?ie=UTF8&spc=MTo2ODIwODQ2MzYxNjQyMzA0OjE2NzIwMzU2MTg6c3BfYnRmOjIwMDMxNjg4MjI2MjAxOjowOjo&url=%2FGUITAR-BRO-Acoustic-Beginner-Accessories%2Fdp%2FB07T84GC8L%2Fref%3Dsr_1_105_sspa%3Fcrid%3D2WL0QRE4DVVCT%26keywords%3DGuitar%26qid%3D1672035618%26sprefix%3Dguitar%252Caps%252C410%26sr%3D8-105-spons%26sp_csd%3Dd2lkZ2V0TmFtZT1zcF9idGY%26psc%3D1
blueberry,Blueberry D38 38 Inches Trussrod Lindenwood Acoustic Guitar Kit (Blue),"2,895","Thursday, 29 December",7 days Replacement,In stock.,https://www.amazon.in/sspa/click?ie=UTF8&spc=MTo2ODIwODQ2MzYxNjQyMzA0OjE2NzIwMzU2MTg6c3BfYnRmOjIwMDc4MzM2ODg3ODk4OjowOjo&url=%2FBlueberry-Acoustic-Guitar-inbuilt-Truss-rod%2Fdp%2FB08T8HW3K7%2Fref%3Dsr_1_106_sspa%3Fcrid%3D2WL0QRE4DVVCT%26keywords%3DGuitar%26qid%3D1672035618%26sprefix%3Dguitar%252Caps%252C410%26sr%3D8-106-spons%26sp_csd%3Dd2lkZ2V0TmFtZT1zcF9idGY%26psc%3D1
Right,Right Search ® Mini Musical Guitar Toy _g1,299,"Saturday, 31 December",7 days Replacement,In stock.,https://www.amazon.in/sspa/click?ie=UTF8&spc=MTo2ODIwODQ2MzYxNjQyMzA0OjE2NzIwMzU2MTg6c3BfYnRmOjIwMDc3ODY4NTg2Mjk4OjowOjo&url=%2FRight-Search-Mini-Musical-Guitar%2Fdp%2FB0B6FJNP9S%2Fref%3Dsr_1_107_sspa%3Fcrid%3D2WL0QRE4DVVCT%26keywords%3DGuitar%26qid%3D1672035618%26sprefix%3Dguitar%252Caps%252C410%26sr%3D8-107-spons%26sp_csd%3Dd2lkZ2V0TmFtZT1zcF9idGY%26psc%3D1
blueberry,"Blueberry B-G41S, 41 Inch Acoustic Guitar Kit, with Bag,Belt, One Pack Strings And Picks (Natural)","6,500","Thursday, 29 December",7 days Replacement,Only 1 left in stock.,https://www.amazon.in/sspa/click?ie=UTF8&spc=MTo2ODIwODQ2MzYxNjQyMzA0OjE2NzIwMzU2MTg6c3BfYnRmOjIwMDc4MzM2ODg4NTk4OjowOjo&url=%2FBlueberry-B-G41S-Acoustic-Strings-Natural%2Fdp%2FB07PKQGF2N%2Fref%3Dsr_1_108_sspa%3Fcrid%3D2WL0QRE4DVVCT%26keywords%3DGuitar%26qid%3D1672035618%26sprefix%3Dguitar%252Caps%252C410%26sr%3D8-108-spons%26sp_csd%3Dd2lkZ2V0TmFtZT1zcF9idGY%26psc%3D1
blueberry,"Blueberry 38 Inch D38S Acoustic Guitar Kit Inbuilt Truss Rod, with Bag, Belt, One Pack Strings And Picks (Brown)","2,999","Thursday, 29 December",7 days Replacement,In stock.,https://www.amazon.in/sspa/click?ie=UTF8&spc=MTo2OTkxODY1NzgyMzUxNzk5OjE2NzIwMzU1Nzc6c3BfYXRmX25leHQ6MjAwNzgzMzY4ODkzOTg6OjA6Og&url=%2FBlueberry-Acoustic-Guitar-Inbuilt-Strings%2Fdp%2FB07PHZ16BG%2Fref%3Dsr_1_97_sspa%3Fcrid%3D2WL0QRE4DVVCT%26keywords%3DGuitar%26qid%3D1672035577%26sprefix%3Dguitar%252Caps%252C410%26sr%3D8-97-spons%26sp_csd%3Dd2lkZ2V0TmFtZT1zcF9hdGZfbmV4dA%26psc%3D1
FESTRA,"Festra R-40- Trussrod Acoustic Guitar Kit with Bag, Strap, One Pack Strings and Picks (Black)","4,495","Thursday, 29 December",7 days Replacement,In stock.,https://www.amazon.in/sspa/click?ie=UTF8&spc=MTo2OTkxODY1NzgyMzUxNzk5OjE2NzIwMzU1Nzc6c3BfYXRmX25leHQ6MjAwNzgzMzY4ODU1OTg6OjA6Og&url=%2FFestra-Trussrod-Acoustic-Guitar-Strings%2Fdp%2FB09VLBKD2M%2Fref%3Dsr_1_98_sspa%3Fcrid%3D2WL0QRE4DVVCT%26keywords%3DGuitar%26qid%3D1672035577%26sprefix%3Dguitar%252Caps%252C410%26sr%3D8-98-spons%26sp_csd%3Dd2lkZ2V0TmFtZT1zcF9hdGZfbmV4dA%26psc%3D1
blueberry,"Blueberry B40, 40 Inch Acoustic Guitar Kit inbuilt Truss Rod, with Bag, Strap, One Pack Strings and Picks (Natural)","4,295","Thursday, 29 December",7 days Replacement,In stock.,https://www.amazon.in/sspa/click?ie=UTF8&spc=MTo2OTkxODY1NzgyMzUxNzk5OjE2NzIwMzU1Nzc6c3BfYXRmX25leHQ6MjAwNzgzMzY4ODczOTg6OjA6Og&url=%2FBlueberry-Acoustic-inbuilt-Strings-Natural%2Fdp%2FB07PLK46LR%2Fref%3Dsr_1_99_sspa%3Fcrid%3D2WL0QRE4DVVCT%26keywords%3DGuitar%26qid%3D1672035577%26sprefix%3Dguitar%252Caps%252C410%26sr%3D8-99-spons%26sp_csd%3Dd2lkZ2V0TmFtZT1zcF9hdGZfbmV4dA%26psc%3D1
blueberry,"Blueberry 38C, 38"" Acoustic Guitar Kit with Bag, Strap, One Pack Strings And Picks (Sunburst)","2,395","Thursday, 29 December",7 days Replacement,In stock.,https://www.amazon.in/sspa/click?ie=UTF8&spc=MTo2OTkxODY1NzgyMzUxNzk5OjE2NzIwMzU1Nzc6c3BfYXRmX25leHQ6MjAwNzgzMzY4ODg0OTg6OjA6Og&url=%2FBlueberry-38C-Acoustic-Strings-Sunburst%2Fdp%2FB08KLMQN88%2Fref%3Dsr_1_100_sspa%3Fcrid%3D2WL0QRE4DVVCT%26keywords%3DGuitar%26qid%3D1672035577%26sprefix%3Dguitar%252Caps%252C410%26sr%3D8-100-spons%26sp_csd%3Dd2lkZ2V0TmFtZT1zcF9hdGZfbmV4dA%26psc%3D1
YAMAHA,"Yamaha FS100C Acoustic Guitar, Natural","9,990","Wednesday, 28 December",7 days Replacement,In stock.,https://www.amazon.in/Yamaha-FS100C-Acoustic-Guitar-Natural/dp/B08Z3DVN8N/ref=sr_1_101?crid=2WL0QRE4DVVCT&keywords=Guitar&qid=1672035577&sprefix=guitar%2Caps%2C410&sr=8-101
Kadence,"Kadence Frontier 34inch guitar for Kids, Travel Guitar for Adult Acoustic Guitar with Die Cast Keys, Set of Strings, Strap, Picks and Bag (Black Guitar)","3,598","Thursday, 29 December",7 days Replacement,In stock.,https://www.amazon.in/Kadence-Professional-Guitar-Years-Strings/dp/B07YZK5B2Z/ref=sr_1_102?crid=2WL0QRE4DVVCT&keywords=Guitar&qid=1672035577&sprefix=guitar%2Caps%2C410&sr=8-102
YAMAHA,Yamaha 22.8 Inches Merantiwood Classical Guitar C40//02 (Brown),"8,599",December 31 - January 3,7 days Replacement,Only 2 left in stock.,https://www.amazon.in/Yamaha-Classical-Guitar-C40-02/dp/B003UGCUFE/ref=sr_1_103?crid=2WL0QRE4DVVCT&keywords=Guitar&qid=1672035577&sprefix=guitar%2Caps%2C410&sr=8-103
HOVNER,"Hovner 215 Crown Sunburst F-Cut Rosewood Fretboard Acoustic Guitar With Bag,Strap,1 Set of Extra Strings and 2 Picks By K-Retail","4,480","Sunday, 1 January",7 days Replacement,In stock.,https://www.amazon.in/Rosewood-Fretboard-Sunburst-Electro-Acoustic/dp/B07L1WCQKH/ref=sr_1_104?crid=2WL0QRE4DVVCT&keywords=Guitar&qid=1672035577&sprefix=guitar%2Caps%2C410&sr=8-104
Henrix,"Henrix 38C PRO 38 Inch Cutaway Acoustic Guitar With with Die-cast Tuners, Dual-action Truss Rod, Gig-Bag, Picks, String set, String Winder, Strap & Polishing Cloth - Black","3,599","Wednesday, 28 December",7 days Replacement,In stock.,https://www.amazon.in/Henrix-Cutaway-Acoustic-Die-Cast-Tuners/dp/B07KMXDXBV/ref=sr_1_105?crid=2WL0QRE4DVVCT&keywords=Guitar&qid=1672035577&sprefix=guitar%2Caps%2C410&sr=8-105
Ibanez,"Ibanez GRG170DX 40 Inches Wood Electric Guitar, Black","21,039","Wednesday, 28 December",7 days Replacement,In stock.,https://www.amazon.in/Ibanez-GRG170DX-Electric-Guitar-Black/dp/B001EM180O/ref=sr_1_106?crid=2WL0QRE4DVVCT&keywords=Guitar&qid=1672035577&sprefix=guitar%2Caps%2C410&sr=8-106
VAULT,Vault TL1 Tele Style Electric Guitar - Black,"10,299","Wednesday, 28 December",7 days Replacement,In stock.,https://www.amazon.in/Vault-Tele-Style-Electric-Guitar/dp/B09ZJ3Q1KM/ref=sr_1_97?crid=2WL0QRE4DVVCT&keywords=Guitar&qid=1672035577&sprefix=guitar%2Caps%2C410&sr=8-97
YAMAHA,YAMAHA FS80C BLACK CONCERT CUTAWAY GUITAR,"7,590",,7 days Replacement,Usually dispatched in 3 to 4 days.,https://www.amazon.in/YAMAHA-FS80C-CONCERT-CUTAWAY-GUITAR/dp/B08WBBVMVJ/ref=sr_1_98_mod_primary_new?crid=2WL0QRE4DVVCT&keywords=Guitar&qid=1672035577&sbo=RZvfv%2F%2FHxDF%2BO5021pAnSA%3D%3D&sprefix=guitar%2Caps%2C410&sr=8-98
VAULT,Vault EA40 41 inch Premium Solid Spruce-Top Cutaway Acoustic Guitar,"7,290","Wednesday, 28 December",7 days Replacement,In stock.,https://www.amazon.in/Premium-Spruce-Top-Cutaway-Acoustic-Guitar/dp/B08FFZY6BJ/ref=sr_1_99?crid=2WL0QRE4DVVCT&keywords=Guitar&qid=1672035577&sprefix=guitar%2Caps%2C410&sr=8-99
YAMAHA,Yamaha F-600 6-Strings Acoustic Guitar (Natural),"14,490","Thursday, 29 December",7 days Replacement,Only 1 left in stock.,https://www.amazon.in/Yamaha-6-Strings-Acoustic-Guitar-Natural/dp/B006N4MPEQ/ref=sr_1_100?crid=2WL0QRE4DVVCT&keywords=Guitar&qid=1672035577&sprefix=guitar%2Caps%2C410&sr=8-100
Cort,"Cort AD810-OP Acoustic Guitar, Brown With Padded Bag, Belt, Plectrums & Guitar Tuner Complete Pack","9,659","Wednesday, 28 December",7 days Replacement,In stock.,https://www.amazon.in/Cort-CAP810-OP-Acoustic-Plectrums-Complete/dp/B08D7SWGG5/ref=sr_1_101?crid=2WL0QRE4DVVCT&keywords=Guitar&qid=1672035577&sprefix=guitar%2Caps%2C410&sr=8-101
Ibanez,Ibanez GSA60 25.3 Agathiswood Inches Electric Guitar - Black,"19,999","Saturday, 31 December",7 days Replacement,Only 1 left in stock.,https://www.amazon.in/Ibanez-GSA60-Electric-Guitar-Black/dp/B0002F4WLG/ref=sr_1_102?crid=2WL0QRE4DVVCT&keywords=Guitar&qid=1672035577&sprefix=guitar%2Caps%2C410&sr=8-102
Generic,Squier SA-150N Squier Beginner Nylon String Classical Acoustic Guitar - Natural,"9,899","Wednesday, 28 December",7 days Replacement,In stock.,https://www.amazon.in/Squier-SA-150N-Beginner-Classical-Acoustic/dp/B07MZZRTD9/ref=sr_1_103?crid=2WL0QRE4DVVCT&keywords=Guitar&qid=1672035577&sprefix=guitar%2Caps%2C410&sr=8-103
ORANGEWOOD,"Orangewood 6 String Acoustic Guitar, Right, Mahogany (OW-DANA-M)","13,085","Friday, 30 December",7 days Replacement,Only 2 left in stock.,https://www.amazon.in/Orangewood-String-Acoustic-Mahogany-OW-DANA-M/dp/B07MQ8PR5Q/ref=sr_1_104?crid=2WL0QRE4DVVCT&keywords=Guitar&qid=1672035577&sprefix=guitar%2Caps%2C410&sr=8-104
YAMAHA,Yamaha FSX80C Semi acoustic cutaway guitar (natural),"11,030",,7 days Replacement,Usually dispatched in 3 to 4 days.,https://www.amazon.in/Yamaha-FSX80C-Acoustic-Cutaway-Natural/dp/B09HL3GFZF/ref=sr_1_105_mod_primary_new?crid=2WL0QRE4DVVCT&keywords=Guitar&qid=1672035577&sbo=RZvfv%2F%2FHxDF%2BO5021pAnSA%3D%3D&sprefix=guitar%2Caps%2C410&sr=8-105
Cort,"Cort AD810BKS Standard Dreadnought Guitar, Spruce Top, Mahogany Back & Sides, Black Satin","10,542","Wednesday, 28 December",7 days Replacement,In stock.,https://www.amazon.in/Cort-AD810BKS-Standard-Dreadnought-Mahogany/dp/B00KQEXK2A/ref=sr_1_106?crid=2WL0QRE4DVVCT&keywords=Guitar&qid=1672035577&sprefix=guitar%2Caps%2C410&sr=8-106
VAULT,Vault DA40 41 Inch Premium Solid Spruce-Top Dreadnought Acoustic Guitar With Allen Key,"6,930","Wednesday, 28 December",7 days Replacement,In stock.,https://www.amazon.in/sspa/click?ie=UTF8&spc=MTo2OTkxODY1NzgyMzUxNzk5OjE2NzIwMzU1Nzc6c3BfbXRmOjIwMDkyNjI0MDIxNDk4OjowOjo&url=%2FPremium-Spruce-Top-Dreadnought-Acoustic-Guitar%2Fdp%2FB0BJK1CWSN%2Fref%3Dsr_1_107_sspa%3Fcrid%3D2WL0QRE4DVVCT%26keywords%3DGuitar%26qid%3D1672035577%26sprefix%3Dguitar%252Caps%252C410%26sr%3D8-107-spons%26sp_csd%3Dd2lkZ2V0TmFtZT1zcF9tdGY%26psc%3D1
Guitar,"GUITAR BRO - COMBO (Blue Acoustic Guitar for Beginner, Guitar Learning Kit, Song Book, Video Lectures, Accessories like Pick, Bag)","8,999",December 31 - January 4,7 days Replacement,In stock.,https://www.amazon.in/sspa/click?ie=UTF8&spc=MTo2OTkxODY1NzgyMzUxNzk5OjE2NzIwMzU1Nzc6c3BfbXRmOjIwMDMxNjg4MjI2MzAxOjowOjo&url=%2FGUITAR-BRO-Acoustic-Beginner-Accessories%2Fdp%2FB07TC7TWCR%2Fref%3Dsr_1_108_sspa%3Fcrid%3D2WL0QRE4DVVCT%26keywords%3DGuitar%26qid%3D1672035577%26sprefix%3Dguitar%252Caps%252C410%26sr%3D8-108-spons%26sp_csd%3Dd2lkZ2V0TmFtZT1zcF9tdGY%26psc%3D1
VAULT,Vault PA36 Parlor Acoustic Guitar Kit,"7,499","Wednesday, 28 December",7 days Replacement,In stock.,https://www.amazon.in/sspa/click?ie=UTF8&spc=MTo2OTkxODY1NzgyMzUxNzk5OjE2NzIwMzU1Nzc6c3BfbXRmOjIwMDkyNjI0MDIxNjk4OjowOjo&url=%2FVault-PA36-Parlor-Acoustic-Guitar%2Fdp%2FB0BJK1332J%2Fref%3Dsr_1_109_sspa%3Fcrid%3D2WL0QRE4DVVCT%26keywords%3DGuitar%26qid%3D1672035577%26sprefix%3Dguitar%252Caps%252C410%26sr%3D8-109-spons%26sp_csd%3Dd2lkZ2V0TmFtZT1zcF9tdGY%26psc%3D1
blueberry,"Blueberry B-40, 40"" Acoustic Guitar Kit with Bag,Belt, One Pack Strings & Picks (Black)","4,990","Thursday, 29 December",7 days Replacement,In stock.,https://www.amazon.in/sspa/click?ie=UTF8&spc=MTo2OTkxODY1NzgyMzUxNzk5OjE2NzIwMzU1Nzc6c3BfbXRmOjIwMDc4MzM2ODg5MDk4OjowOjo&url=%2FBlueberry-Acoustic-Guitar-Strings-Picks%2Fdp%2FB08L7NQB57%2Fref%3Dsr_1_110_sspa%3Fcrid%3D2WL0QRE4DVVCT%26keywords%3DGuitar%26qid%3D1672035577%26sprefix%3Dguitar%252Caps%252C410%26sr%3D8-110-spons%26sp_csd%3Dd2lkZ2V0TmFtZT1zcF9tdGY%26psc%3D1
Kadence,Kadence Acoustica 34” Acoustic Guitar A03 with bag,"4,998","Thursday, 29 December",7 days Replacement,In stock.,https://www.amazon.in/Kadence-Acoustica-Acoustic-Guitar-A03/dp/B08WCTFVT9/ref=sr_1_111?crid=2WL0QRE4DVVCT&keywords=Guitar&qid=1672035577&sprefix=guitar%2Caps%2C410&sr=8-111
Fender,Fender Squier Dreadnought Semi Acoustic Guitar Solid Top Right-Hand (Natural) CD-60 SCE NAT 0970193021 One of The Most reputed Guitar Brands in the World,"25,299","Thursday, 29 December",7 days Replacement,Only 2 left in stock.,https://www.amazon.in/FENDER-CD60SCE-NAT-Dreadnought-Spruce-Semi-Acoustic/dp/B01MSBHU7X/ref=sr_1_112?crid=2WL0QRE4DVVCT&keywords=Guitar&qid=1672035577&sprefix=guitar%2Caps%2C410&sr=8-112
Juârez,"Juârez JRZ38C/WH 6 Strings Acoustic Guitar 38 Inch Cutaway, Right Handed, White with Bag, Strings, Picks and Strap","3,317","Wednesday, 28 December",7 days Replacement,In stock.,https://www.amazon.in/Ju%C3%A2rez-JRZ38C-WH-Strings-Acoustic/dp/B072MFK4L6/ref=sr_1_113?crid=2WL0QRE4DVVCT&keywords=Guitar&qid=1672035577&sprefix=guitar%2Caps%2C410&sr=8-113
ubersweet,Ubersweet® Imported Portable Pocket Guitar 6 Fret Model Wooden Practice 6 Strings Guitar Traine O1Q5_66878,"3,109",February 4 - 6,10 days Returnable,Usually dispatched in 4 to 5 weeks.,https://www.amazon.in/Ubersweet%C2%AE-Portable-Practice-Strings-O1Q5_66878/dp/B09LYR3WV9/ref=sr_1_114?crid=2WL0QRE4DVVCT&keywords=Guitar&qid=1672035577&sprefix=guitar%2Caps%2C410&sr=8-114
Ovation,"Ovation CE44P-SM Acoustic-Electric Guitar, Spalted Maple","1,05,207",January 12 - 16,7 days Replacement,Usually dispatched in 3 to 4 days.,https://www.amazon.in/Ovation-CE44P-SM-Acoustic-Electric-Guitar-Spalted/dp/B00HT5H74Q/ref=sr_1_115?crid=2WL0QRE4DVVCT&keywords=Guitar&qid=1672035577&sprefix=guitar%2Caps%2C410&sr=8-115
JUAREZ,"JUAREZ Arpéggio 104.14 cm (41 Inch) Acoustic Guitar Kit, Spruce Top, Black","5,895","Wednesday, 28 December",7 days Replacement,In stock.,https://www.amazon.in/JUAREZ-Arp%C3%A9ggio-Acoustic-Guitar-Spruce/dp/B08KGCFXKP/ref=sr_1_116?crid=2WL0QRE4DVVCT&keywords=Guitar&qid=1672035577&sprefix=guitar%2Caps%2C410&sr=8-116
Kadence,"Kadence Frontier Series Acoustic Guitar With Equalizer, Super Combo with Bag, 1 pack Strings, Strap, Picks, Capo, Tuner and Guitar Stand","6,698","Thursday, 29 December",7 days Replacement,In stock.,https://www.amazon.in/Kadence-Frontier-Acoustic-Equalizer-Strings/dp/B01HRIHH9E/ref=sr_1_117?crid=2WL0QRE4DVVCT&keywords=Guitar&qid=1672035577&sprefix=guitar%2Caps%2C410&sr=8-117
Cort,"Cort AD810 Dreadnought Acoustic Guitar with Gig Bag,Tuner,Picks and Strap (Natural Bundle)","10,800","Wednesday, 28 December",7 days Replacement,In stock.,https://www.amazon.in/Cort-AD810-Dreadnought-Acoustic-Guitar/dp/B07KMBVR6V/ref=sr_1_118?crid=2WL0QRE4DVVCT&keywords=Guitar&qid=1672035577&sprefix=guitar%2Caps%2C410&sr=8-118
Fender,Fender CD 60 Dread V3 DS 6 String Acoustic Guitar - Walnut Fretboard-Black Right-Handed One of The Most reputed Guitar Brands in the World. 0970110506,"12,499","Wednesday, 28 December",7 days Replacement,Only 1 left in stock (more on the way).,https://www.amazon.in/Fender-Dread-String-Acoustic-Guitar/dp/B07RM4B5LJ/ref=sr_1_119?crid=2WL0QRE4DVVCT&keywords=Guitar&qid=1672035577&sprefix=guitar%2Caps%2C410&sr=8-119
Epiphone,Epiphone SG Muse Electric Guitar - Radio Blue Metallic,"43,462","Thursday, 29 December",7 days Replacement,In stock.,https://www.amazon.in/Epiphone-String-Electric-Inspired-Metallic/dp/B0881X5LDL/ref=sr_1_120?crid=2WL0QRE4DVVCT&keywords=Guitar&qid=1672035577&sprefix=guitar%2Caps%2C410&sr=8-120
Kadence,"Kadence 40 Incheses Frontier Series, rosewood Semi Acoustic Guitar With Die Cast Keys (Bag,Strap,Strings And 3 Picks) (own)","5,798","Thursday, 29 December",7 days Replacement,In stock.,https://www.amazon.in/Kadence-Frontier-Acoustic-Guitar-Strings/dp/B07T48VTZ1/ref=sr_1_121?crid=2WL0QRE4DVVCT&keywords=Guitar&qid=1672035577&sprefix=guitar%2Caps%2C410&sr=8-121
Fender,Fender CD-60SCE Electro-Acoustic Guitar With Gig- Bag- black,"26,999","Wednesday, 28 December",7 days Replacement,In stock.,https://www.amazon.in/Fender-CD-60SCE-Electro-Acoustic-Guitar-black/dp/B09BVZ57LM/ref=sr_1_122?crid=2WL0QRE4DVVCT&keywords=Guitar&qid=1672035577&sprefix=guitar%2Caps%2C410&sr=8-122
Kadence,"Kadence Guitar 36” Acoustica Series, Electric Acoustic Guitar, Ash Wood with Pickup and Inbuilt tuner Travel GUitar Small Size for Kids and Adult (A06 36"")","6,298","Thursday, 29 December",7 days Replacement,In stock.,https://www.amazon.in/Kadence-ACOUSTICA-guitar-WALNUT-Acoustic/dp/B08PBKRK6L/ref=sr_1_123?crid=2WL0QRE4DVVCT&keywords=Guitar&qid=1672035577&sprefix=guitar%2Caps%2C410&sr=8-123
JUAREZ,JUAREZ JRZ41C 41 Inch ACOUSTIC GUITAR WITH ACC (3TS SUNBURST),"4,336","Wednesday, 28 December",7 days Replacement,In stock.,https://www.amazon.in/JUAREZ-JRZ41C-ACOUSTIC-GUITAR-SUNBURST/dp/B07X1XQC4Z/ref=sr_1_124?crid=2WL0QRE4DVVCT&keywords=Guitar&qid=1672035577&sprefix=guitar%2Caps%2C410&sr=8-124
JUAREZ,"JUAREZ Arpeggio 99.06 cm (39 Inch) Semi-Acoustic Guitar Kit, Spruce Top, Rosewood Fretboard & Bridge, Truss Rod, 4 Band EQ, Chrome Die Cast Machine Tuners, Black","6,769","Wednesday, 28 December",7 days Replacement,In stock.,https://www.amazon.in/JUAREZ-Arpeggio-Semi-Acoustic-Rosewood-Fretboard/dp/B08LBG3F36/ref=sr_1_125?crid=2WL0QRE4DVVCT&keywords=Guitar&qid=1672035577&sprefix=guitar%2Caps%2C410&sr=8-125
YAMAHA,"Yamaha F310 Acoustic Guitar, Tobacco Brown","9,779","Thursday, 29 December",7 days Replacement,In stock.,https://www.amazon.in/Yamaha-F310-Acoustic-Tobacco-Brown/dp/B00RW19OXY/ref=sr_1_126?crid=2WL0QRE4DVVCT&keywords=Guitar&qid=1672035577&sprefix=guitar%2Caps%2C410&sr=8-126
Fender,Fender FA-235E Concert Bodied Acoustic Guitar - Mocha Burst With Bag.,"28,999","Thursday, 29 December",7 days Replacement,Only 1 left in stock.,https://www.amazon.in/Fender-FA-235E-Concert-Bodied-Acoustic/dp/B09Y3FCC7F/ref=sr_1_127?crid=2WL0QRE4DVVCT&keywords=Guitar&qid=1672035577&sprefix=guitar%2Caps%2C410&sr=8-127
PRS,"PRS, Acoustic Electric Guitar, SE P20E Parlor w/Fishman Pickup -Vintage Mahogany (106997:VM)","51,069","Wednesday, 28 December",7 days Replacement,Only 2 left in stock.,https://www.amazon.in/PRS-Acoustic-Electric-Vintage-106997/dp/B088ST1J3Y/ref=sr_1_128?crid=2WL0QRE4DVVCT&keywords=Guitar&qid=1672035577&sprefix=guitar%2Caps%2C410&sr=8-128
VAULT,Vault RG1 Soloist Premium Electric Guitar - Transparent Black,"10,999","Wednesday, 28 December",7 days Replacement,In stock.,https://www.amazon.in/Vault-Soloist-Premium-Electric-Guitar/dp/B09GLZSS95/ref=sr_1_129?crid=2WL0QRE4DVVCT&keywords=Guitar&qid=1672035577&sprefix=guitar%2Caps%2C410&sr=8-129
Angel,"Angel Lopez ERE-CFI S LH Eresma Series Left Handed, Acoustic-Electric Classical Guitar","1,26,525",January 12 - 16,7 days Replacement,Usually dispatched in 3 to 4 days.,https://www.amazon.in/Angel-Lopez-ERE-CFI-LH-Acoustic-Electric/dp/B00KCM3I7S/ref=sr_1_130?crid=2WL0QRE4DVVCT&keywords=Guitar&qid=1672035577&sprefix=guitar%2Caps%2C410&sr=8-130
YAMAHA,"YAMAHA F310-TBS Right Handed Spruce, Back/Side/Rib, Meranti Acoustic Guitar (Tobacco Sunburst, 6-Strings)","9,760","Thursday, 29 December",7 days Replacement,In stock.,https://www.amazon.in/Yamaha-6-String-Acoustic-Right-Handed-Sunburst/dp/B000WITGQO/ref=sr_1_131?crid=2WL0QRE4DVVCT&keywords=Guitar&qid=1672035577&sprefix=guitar%2Caps%2C410&sr=8-131
ORANGEWOOD,"Orangewood Manhattan-s Dreadnought Acoustic Guitar with Spruce Top, OW-MANHATTAN-S","13,085","Sunday, 1 January",7 days Replacement,Only 2 left in stock.,https://www.amazon.in/Orangewood-Manhattan-Dreadnought-Acoustic-Earthwood/dp/B077C1BF9B/ref=sr_1_132?crid=2WL0QRE4DVVCT&keywords=Guitar&qid=1672035577&sprefix=guitar%2Caps%2C410&sr=8-132
Juârez,"Juârez JRZ38C/ASH 6 Strings Acoustic Guitar 38 Inch Cutaway, Right Handed, Ash with Bag, Strings, Picks and Strap","3,401","Wednesday, 28 December",7 days Replacement,In stock.,https://www.amazon.in/Juarez-JRZ38C-ASH-Strings-Acoustic/dp/B072JTPNZC/ref=sr_1_133?crid=2WL0QRE4DVVCT&keywords=Guitar&qid=1672035577&sprefix=guitar%2Caps%2C410&sr=8-133
JUAREZ,"JUAREZ Fiésta 41 Inch Acoustic Guitar Cutaway with Dual Action Truss Rod, 21 Frets Rosewood Fretboard & Bridge, Padded 5mm Cotton Bag, Cotton Strap, 2 Picks, Allen Key, Extra String Set, 3TS Sunburst","3,729","Wednesday, 28 December",7 days Replacement,In stock.,https://www.amazon.in/JUAREZ-Acoustic-Rosewood-Fretboard-3TS/dp/B08GZXNSBG/ref=sr_1_134?crid=2WL0QRE4DVVCT&keywords=Guitar&qid=1672035577&sprefix=guitar%2Caps%2C410&sr=8-134
Kadence,"Kadence Acoustica Series 41"" Dreadnought Solid Top Rose Back Acoustic Guitar AEJ101 with Fishman EQ… (Spruce Solid 2)","23,998","Thursday, 29 December",7 days Replacement,In stock.,https://www.amazon.in/Kadence-Acoustica-Acoustic-Fishman-Hardcase/dp/B08WC9XJVG/ref=sr_1_135?crid=2WL0QRE4DVVCT&keywords=Guitar&qid=1672035577&sprefix=guitar%2Caps%2C410&sr=8-135
Epiphone,"Epiphone Les Paul Muse 6 String Right Handed Electric Guitar, Purple Passion Metallic","49,900","Thursday, 29 December",7 days Replacement,In stock.,https://www.amazon.in/Epiphone-String-Electric-Passion-Metallic/dp/B0892S4JVX/ref=sr_1_136?crid=2WL0QRE4DVVCT&keywords=Guitar&qid=1672035577&sprefix=guitar%2Caps%2C410&sr=8-136
PRS,"PRS Guitars Electric Guitar, SE Standard 245, 2021 Series -Tobacco Sunburst ST245TS","66,590","Wednesday, 28 December",7 days Replacement,Only 2 left in stock.,https://www.amazon.in/PRS-Guitars-Electric-Standard-ST245TS/dp/B08X4NL6BP/ref=sr_1_137?crid=2WL0QRE4DVVCT&keywords=Guitar&qid=1672035577&sprefix=guitar%2Caps%2C410&sr=8-137
YAMAHA,"Yamaha F310 NAT Acoustic Guitar, Natural, with Case","10,580","Thursday, 29 December",7 days Replacement,In stock.,https://www.amazon.in/Yamaha-Acoustic-Guitar-Natural-Case/dp/B011RI0P6C/ref=sr_1_138?crid=2WL0QRE4DVVCT&keywords=Guitar&qid=1672035577&sprefix=guitar%2Caps%2C410&sr=8-138
Kadence,"Kadence acoustica 40"" Acoustic Guitar AGE01B Spruce Top with Mahogany back and Sides with bag","8,998","Thursday, 29 December",7 days Replacement,In stock.,https://www.amazon.in/Kadence-acoustica-Acoustic-Guitar-Mahogany/dp/B07PXW742B/ref=sr_1_139?crid=2WL0QRE4DVVCT&keywords=Guitar&qid=1672035577&sprefix=guitar%2Caps%2C410&sr=8-139
Martin,Martin Smith W-101-N-PK Acoustic Guitar Super Kit with Stand (Natural),"9,499","Wednesday, 28 December",7 days Replacement,In stock.,https://www.amazon.in/Martin-Smith-W-101-N-PK-Acoustic-Natural/dp/B00UOUK4IE/ref=sr_1_140?crid=2WL0QRE4DVVCT&keywords=Guitar&qid=1672035577&sprefix=guitar%2Caps%2C410&sr=8-140
ESP,"ESP LTE200RTSB Solid-Body Electric Guitar, Tobacco Sunburst","99,380",January 12 - 16,7 days Replacement,Usually dispatched in 3 to 4 days.,https://www.amazon.in/ESP-LTE200RTSB-Solid-Body-Electric-Sunburst/dp/B01AIXFSZK/ref=sr_1_141?crid=2WL0QRE4DVVCT&keywords=Guitar&qid=1672035577&sprefix=guitar%2Caps%2C410&sr=8-141
-,"Takamine GD71CE-NAT Dreadnought Cutaway Acoustic-Electric Guitar, Natural","1,26,255",January 12 - 16,7 days Replacement,Usually dispatched in 3 to 4 days.,https://www.amazon.in/Takamine-GD71CE-NAT-Dreadnought-Cutaway-Acoustic-Electric/dp/B00B5LD3TI/ref=sr_1_142?crid=2WL0QRE4DVVCT&keywords=Guitar&qid=1672035577&sprefix=guitar%2Caps%2C410&sr=8-142
Techblaze,"Techblaze 22 Pcs Guitar Kit Set Guitar Strings Changing Kit Guitar Tool Kit with 6 Strings, 12 Multicolored Picks, 1 Guitar Capo, 1 String Winder 1 String Cutter, 1 Guitar Tuner for Acoustic Guitars",769,"Friday, 30 December",7 days Replacement,In stock.,https://www.amazon.in/sspa/click?ie=UTF8&spc=MTo2OTkxODY1NzgyMzUxNzk5OjE2NzIwMzU1Nzc6c3BfYnRmOjIwMDk5NzMwMzE0NDk4OjowOjo&url=%2FTechblaze-Strings-Changing-Multicolored-Acoustic%2Fdp%2FB08L64C7LX%2Fref%3Dsr_1_143_sspa%3Fcrid%3D2WL0QRE4DVVCT%26keywords%3DGuitar%26qid%3D1672035577%26sprefix%3Dguitar%252Caps%252C410%26sr%3D8-143-spons%26sp_csd%3Dd2lkZ2V0TmFtZT1zcF9idGY%26psc%3D1
blueberry,"Blueberry B-40, 40"" Acoustic Guitar Kit Inbuilt Truss Rod, with Bag,Belt, One Pack Strings And Picks (Black)","4,990","Thursday, 29 December",7 days Replacement,In stock.,https://www.amazon.in/sspa/click?ie=UTF8&spc=MTo2OTkxODY1NzgyMzUxNzk5OjE2NzIwMzU1Nzc6c3BfYnRmOjIwMDc4MzM2ODg5MTk4OjowOjo&url=%2FBlueberry-B-40Y-Acoustic-Inbuilt-Strings%2Fdp%2FB07PLK112T%2Fref%3Dsr_1_144_sspa%3Fcrid%3D2WL0QRE4DVVCT%26keywords%3DGuitar%26qid%3D1672035577%26sprefix%3Dguitar%252Caps%252C410%26sr%3D8-144-spons%26sp_csd%3Dd2lkZ2V0TmFtZT1zcF9idGY%26psc%3D1
Gibz's,Gibz's G-38 Matte Acoustic Guitar With Truss Rod - Black,"4,498","Friday, 30 December",7 days Replacement,Only 2 left in stock.,https://www.amazon.in/sspa/click?ie=UTF8&spc=MTo2OTkxODY1NzgyMzUxNzk5OjE2NzIwMzU1Nzc6c3BfYnRmOjIwMDkyOTU1MjkwMTk4OjowOjo&url=%2FGibzs-38-C-Acoustic-Guitar-Black%2Fdp%2FB07LH8P4XK%2Fref%3Dsr_1_145_sspa%3Fcrid%3D2WL0QRE4DVVCT%26keywords%3DGuitar%26qid%3D1672035577%26sprefix%3Dguitar%252Caps%252C410%26sr%3D8-145-spons%26sp_csd%3Dd2lkZ2V0TmFtZT1zcF9idGY%26psc%3D1
-,"TECHBLAZE 8 Pcs Guitar Accessories Kit Including Guitar Tuner, Guitar Capo, 3 in 1 String Winder, 5 Celluloid Guitar Picks Plectrum Acoustic Guitar Kit (Capo + Tuner+ String Winder + Picks)",899,"Friday, 30 December",7 days Returnable,In stock.,https://www.amazon.in/sspa/click?ie=UTF8&spc=MTo2OTkxODY1NzgyMzUxNzk5OjE2NzIwMzU1Nzc6c3BfYnRmOjIwMDk5NzMwMzE0Mzk4OjowOjo&url=%2FTECHBLAZE-Accessories-Including-Celluloid-Plectrum%2Fdp%2FB09KGLFJHF%2Fref%3Dsr_1_146_sspa%3Fcrid%3D2WL0QRE4DVVCT%26keywords%3DGuitar%26qid%3D1672035577%26sprefix%3Dguitar%252Caps%252C410%26sr%3D8-146-spons%26sp_csd%3Dd2lkZ2V0TmFtZT1zcF9idGY%26psc%3D1
